time,user_id,channel_capacity,allocated_bitrate,enforced_bitrate,allocated_resources,max_rate,min_rate,tokens,bucket_capacity,was_throttled
0,0,8130.99,8000,8000,10,9600.0,8000,20800000.0,38400000.0,0
0,1,4066.51,4000,4000,10,6000.0,4000,14000000.0,24000000.0,0
0,2,2124.79,2000,2000,10,3000.0,2000,7000000.0,12000000.0,0
0,3,8645.08,8000,8000,10,9600.0,8000,20800000.0,38400000.0,0
0,4,3943.41,4000,4000,16,6000.0,4000,14000000.0,24000000.0,0
0,5,1642.77,2000,2000,19,3000.0,2000,7000000.0,12000000.0,0
0,6,8358.38,8000,8000,10,9600.0,8000,20800000.0,38400000.0,0
0,7,4243.15,4000,4000,10,6000.0,4000,14000000.0,24000000.0,0
1,0,7877.78,8000,8000,16,9600.0,8000,22400000.0,38400000.0,0
1,1,4145.07,4000,4000,10,6000.0,4000,16000000.0,24000000.0,0
1,2,1988.59,4000,4000,31,6000.0,4000,14000000.0,24000000.0,0
1,3,8292.01,8000,8000,10,9600.0,8000,22400000.0,38400000.0,0
1,4,4309.83,4000,4000,10,6000.0,4000,16000000.0,24000000.0,0
1,5,1608.9,1000,1000,7,1500.0,1000,5000000.0,6000000.0,0
1,6,8375.26,8000,8000,10,9600.0,8000,22400000.0,38400000.0,0
1,7,3886.96,2000,2000,6,3000.0,2000,10000000.0,12000000.0,0
2,0,7741.69,8000,8000,16,9600.0,8000,24000000.0,38400000.0,0
2,1,4172.8,4000,4000,10,6000.0,4000,18000000.0,24000000.0,0
2,2,1815.94,4000,4000,34,6000.0,4000,16000000.0,24000000.0,0
2,3,8385.93,8000,8000,10,9600.0,8000,24000000.0,38400000.0,0
2,4,4159.67,4000,4000,10,6000.0,4000,18000000.0,24000000.0,0
2,5,1565.15,1000,1000,7,1500.0,1000,5000000.0,6000000.0,0
2,6,8224.83,4000,4000,5,6000.0,4000,20000000.0,24000000.0,0
2,7,4350.03,2000,2000,5,3000.0,2000,10000000.0,12000000.0,0
3,0,7738.31,8000,8000,16,9600.0,8000,25600000.0,38400000.0,0
3,1,3908.37,4000,4000,16,6000.0,4000,20000000.0,24000000.0,0
3,2,1939.32,4000,4000,31,6000.0,4000,18000000.0,24000000.0,0
3,3,8080.72,8000,8000,10,9600.0,8000,25600000.0,38400000.0,0
3,4,4211.88,2000,2000,5,3000.0,2000,10000000.0,12000000.0,0
3,5,1271.2,1000,1000,8,1500.0,1000,5000000.0,6000000.0,0
3,6,7892.79,4000,4000,6,6000.0,4000,20000000.0,24000000.0,0
3,7,4399.24,2000,2000,5,3000.0,2000,10000000.0,12000000.0,0
4,0,7922.93,8000,8000,16,9600.0,8000,27200000.0,38400000.0,0
4,1,3951.21,4000,4000,16,6000.0,4000,20000000.0,24000000.0,0
4,2,1921.98,4000,4000,32,6000.0,4000,20000000.0,24000000.0,0
4,3,8005.44,8000,8000,10,9600.0,8000,27200000.0,38400000.0,0
4,4,3842.25,2000,2000,6,3000.0,2000,10000000.0,12000000.0,0
4,5,1163.22,1000,1000,9,1500.0,1000,5000000.0,6000000.0,0
4,6,7777.63,4000,4000,6,6000.0,4000,20000000.0,24000000.0,0
4,7,4663.52,2000,2000,5,3000.0,2000,10000000.0,12000000.0,0
5,0,8008.83,8000,8000,10,9600.0,8000,28800000.0,38400000.0,0
5,1,3510.45,4000,4000,18,6000.0,4000,20000000.0,24000000.0,0
5,2,1970.59,4000,4000,31,6000.0,4000,20000000.0,24000000.0,0
5,3,7909.17,8000,8000,16,9600.0,8000,28800000.0,38400000.0,0
5,4,3673.02,2000,2000,6,3000.0,2000,10000000.0,12000000.0,0
5,5,1254.97,1000,1000,8,1500.0,1000,5000000.0,6000000.0,0
5,6,8035.38,4000,4000,5,6000.0,4000,20000000.0,24000000.0,0
5,7,4896.34,2000,2000,5,3000.0,2000,10000000.0,12000000.0,0
6,0,7799.03,8000,8000,16,9600.0,8000,30400000.0,38400000.0,0
6,1,3433.15,4000,4000,18,6000.0,4000,20000000.0,24000000.0,0
6,2,2020.28,4000,4000,30,6000.0,4000,20000000.0,24000000.0,0
6,3,8153.06,8000,8000,10,9600.0,8000,30400000.0,38400000.0,0
6,4,3553.23,2000,2000,6,3000.0,2000,10000000.0,12000000.0,0
6,5,1227.12,1000,1000,9,1500.0,1000,5000000.0,6000000.0,0
6,6,7758.79,4000,4000,6,6000.0,4000,20000000.0,24000000.0,0
6,7,4597.29,2000,2000,5,3000.0,2000,10000000.0,12000000.0,0
7,0,8002.16,8000,8000,10,9600.0,8000,30400000.0,38400000.0,0
7,1,3772.21,4000,4000,16,6000.0,4000,20000000.0,24000000.0,0
7,2,2009.48,4000,4000,30,6000.0,4000,20000000.0,24000000.0,0
7,3,8403.94,8000,8000,10,9600.0,8000,30400000.0,38400000.0,0
7,4,3643.64,2000,2000,6,3000.0,2000,10000000.0,12000000.0,0
7,5,1130.35,1000,1000,9,1500.0,1000,5000000.0,6000000.0,0
7,6,7849.14,4000,4000,6,6000.0,4000,20000000.0,24000000.0,0
7,7,4981.8,2000,2000,5,3000.0,2000,10000000.0,12000000.0,0
8,0,7993.2,8000,8000,16,9600.0,8000,30400000.0,38400000.0,0
8,1,4163.37,4000,4000,10,6000.0,4000,20000000.0,24000000.0,0
8,2,1616.51,4000,4000,38,6000.0,4000,20000000.0,24000000.0,0
8,3,8609.42,4000,4000,5,6000.0,4000,20000000.0,24000000.0,0
8,4,3665.4,2000,2000,6,3000.0,2000,10000000.0,12000000.0,0
8,5,1085.5,1000,1000,10,1500.0,1000,5000000.0,6000000.0,0
8,6,7872.08,4000,4000,6,6000.0,4000,20000000.0,24000000.0,0
8,7,4484.91,2000,2000,5,3000.0,2000,10000000.0,12000000.0,0
9,0,7938.28,8000,8000,16,9600.0,8000,30400000.0,38400000.0,0
9,1,4252.65,4000,4000,10,6000.0,4000,20000000.0,24000000.0,0
9,2,1838.2,4000,4000,33,6000.0,4000,20000000.0,24000000.0,0
9,3,8479.85,4000,4000,5,6000.0,4000,20000000.0,24000000.0,0
9,4,3463.28,2000,2000,6,3000.0,2000,10000000.0,12000000.0,0
9,5,1010.24,1000,1000,10,1500.0,1000,5000000.0,6000000.0,0
9,6,8100.93,4000,4000,5,6000.0,4000,20000000.0,24000000.0,0
9,7,4567.1,2000,2000,5,3000.0,2000,10000000.0,12000000.0,0
10,0,7805.84,8000,8000,16,9600.0,8000,30400000.0,38400000.0,0
10,1,4380.97,4000,4000,10,6000.0,4000,20000000.0,24000000.0,0
10,2,1852.76,4000,4000,33,6000.0,4000,20000000.0,24000000.0,0
10,3,8722.01,4000,4000,5,6000.0,4000,20000000.0,24000000.0,0
10,4,3287.76,2000,2000,7,3000.0,2000,10000000.0,12000000.0,0
10,5,1000.0,1000,1000,10,1500.0,1000,5000000.0,6000000.0,0
10,6,8002.9,4000,4000,5,6000.0,4000,20000000.0,24000000.0,0
10,7,4201.22,2000,2000,5,3000.0,2000,10000000.0,12000000.0,0
11,0,7879.87,8000,8000,16,9600.0,8000,30400000.0,38400000.0,0
11,1,4446.23,4000,4000,9,6000.0,4000,20000000.0,24000000.0,0
11,2,1853.53,4000,4000,33,6000.0,4000,20000000.0,24000000.0,0
11,3,8663.37,4000,4000,5,6000.0,4000,20000000.0,24000000.0,0
11,4,2933.92,2000,2000,7,3000.0,2000,10000000.0,12000000.0,0
11,5,1000.0,1000,1000,10,1500.0,1000,5000000.0,6000000.0,0
11,6,7917.23,4000,4000,6,6000.0,4000,20000000.0,24000000.0,0
11,7,4000.65,4000,4000,10,6000.0,4000,14000000.0,24000000.0,0
12,0,7839.55,8000,8000,16,9600.0,8000,30400000.0,38400000.0,0
12,1,4547.24,4000,4000,9,6000.0,4000,20000000.0,24000000.0,0
12,2,2136.46,4000,4000,29,6000.0,4000,20000000.0,24000000.0,0
12,3,8707.01,4000,4000,5,6000.0,4000,20000000.0,24000000.0,0
12,4,2998.31,2000,2000,7,3000.0,2000,10000000.0,12000000.0,0
12,5,1000.0,1000,1000,10,1500.0,1000,5000000.0,6000000.0,0
12,6,7437.53,4000,4000,6,6000.0,4000,20000000.0,24000000.0,0
12,7,3994.02,4000,4000,16,6000.0,4000,16000000.0,24000000.0,0
13,0,7854.61,8000,8000,16,9600.0,8000,30400000.0,38400000.0,0
13,1,5163.05,8000,8000,24,9600.0,8000,21600000.0,38400000.0,0
13,2,2107.6,2000,2000,10,3000.0,2000,10000000.0,12000000.0,0
13,3,8782.4,4000,4000,5,6000.0,4000,20000000.0,24000000.0,0
13,4,2989.63,2000,2000,7,3000.0,2000,10000000.0,12000000.0,0
13,5,1000.0,1000,1000,10,1500.0,1000,5000000.0,6000000.0,0
13,6,7723.24,8000,8000,16,9600.0,8000,21600000.0,38400000.0,0
13,7,4182.0,4000,4000,10,6000.0,4000,18000000.0,24000000.0,0
14,0,8052.37,4000,4000,5,6000.0,4000,20000000.0,24000000.0,0
14,1,4935.71,8000,8000,25,9600.0,8000,23200000.0,38400000.0,0
14,2,2318.02,2000,2000,9,3000.0,2000,10000000.0,12000000.0,0
14,3,8431.93,4000,4000,5,6000.0,4000,20000000.0,24000000.0,0
14,4,3136.34,4000,4000,20,6000.0,4000,14000000.0,24000000.0,0
14,5,1328.57,1000,1000,8,1500.0,1000,5000000.0,6000000.0,0
14,6,7475.61,8000,8000,17,9600.0,8000,23200000.0,38400000.0,0
14,7,4040.43,4000,4000,10,6000.0,4000,20000000.0,24000000.0,0
15,0,8077.28,4000,4000,5,6000.0,4000,20000000.0,24000000.0,0
15,1,4809.84,8000,8000,25,9600.0,8000,24800000.0,38400000.0,0
15,2,2085.42,2000,2000,10,3000.0,2000,10000000.0,12000000.0,0
15,3,8449.07,4000,4000,5,6000.0,4000,20000000.0,24000000.0,0
15,4,2870.77,4000,4000,21,6000.0,4000,16000000.0,24000000.0,0
15,5,1399.61,500,500,4,750.0,500,2500000.0,3000000.0,0
15,6,7245.75,8000,8000,17,9600.0,8000,24800000.0,38400000.0,0
15,7,4427.91,4000,4000,10,6000.0,4000,20000000.0,24000000.0,0
16,0,7881.47,4000,4000,6,6000.0,4000,20000000.0,24000000.0,0
16,1,4729.32,8000,8000,26,9600.0,8000,26400000.0,38400000.0,0
16,2,2207.45,2000,2000,10,3000.0,2000,10000000.0,12000000.0,0
16,3,8141.36,4000,4000,5,6000.0,4000,20000000.0,24000000.0,0
16,4,2927.63,4000,4000,21,6000.0,4000,18000000.0,24000000.0,0
16,5,1595.68,500,500,4,750.0,500,2500000.0,3000000.0,0
16,6,6843.88,8000,8000,18,9600.0,8000,26400000.0,38400000.0,0
16,7,4474.07,4000,4000,9,6000.0,4000,20000000.0,24000000.0,0
17,0,7946.44,4000,4000,6,6000.0,4000,20000000.0,24000000.0,0
17,1,4924.78,8000,8000,25,9600.0,8000,28000000.0,38400000.0,0
17,2,2021.91,2000,2000,10,3000.0,2000,10000000.0,12000000.0,0
17,3,7811.24,4000,4000,6,6000.0,4000,20000000.0,24000000.0,0
17,4,3058.12,4000,4000,20,6000.0,4000,20000000.0,24000000.0,0
17,5,1640.23,500,500,4,750.0,500,2500000.0,3000000.0,0
17,6,6906.5,8000,8000,18,9600.0,8000,28000000.0,38400000.0,0
17,7,4560.68,4000,4000,9,6000.0,4000,20000000.0,24000000.0,0
18,0,7776.43,4000,4000,6,6000.0,4000,20000000.0,24000000.0,0
18,1,4982.84,8000,8000,25,9600.0,8000,29600000.0,38400000.0,0
18,2,2065.87,2000,2000,10,3000.0,2000,10000000.0,12000000.0,0
18,3,7632.66,4000,4000,6,6000.0,4000,20000000.0,24000000.0,0
18,4,3524.56,4000,4000,18,6000.0,4000,20000000.0,24000000.0,0
18,5,1711.3,500,500,3,750.0,500,2500000.0,3000000.0,0
18,6,6608.68,8000,8000,19,9600.0,8000,29600000.0,38400000.0,0
18,7,4724.82,4000,4000,9,6000.0,4000,20000000.0,24000000.0,0
19,0,7532.76,4000,4000,6,6000.0,4000,20000000.0,24000000.0,0
19,1,5179.61,8000,8000,24,9600.0,8000,30400000.0,38400000.0,0
19,2,2239.66,2000,2000,9,3000.0,2000,10000000.0,12000000.0,0
19,3,7427.49,4000,4000,6,6000.0,4000,20000000.0,24000000.0,0
19,4,3765.41,4000,4000,16,6000.0,4000,20000000.0,24000000.0,0
19,5,1773.22,500,500,3,750.0,500,2500000.0,3000000.0,0
19,6,6814.19,8000,8000,18,9600.0,8000,30400000.0,38400000.0,0
19,7,5199.02,4000,4000,8,6000.0,4000,20000000.0,24000000.0,0
20,0,7471.42,4000,4000,6,6000.0,4000,20000000.0,24000000.0,0
20,1,4991.18,8000,8000,25,9600.0,8000,30400000.0,38400000.0,0
20,2,2106.23,2000,2000,10,3000.0,2000,10000000.0,12000000.0,0
20,3,7223.53,4000,4000,6,6000.0,4000,20000000.0,24000000.0,0
20,4,3746.13,4000,4000,17,6000.0,4000,20000000.0,24000000.0,0
20,5,1824.39,500,500,3,750.0,500,2500000.0,3000000.0,0
20,6,6883.36,8000,8000,18,9600.0,8000,30400000.0,38400000.0,0
20,7,5405.82,4000,4000,8,6000.0,4000,20000000.0,24000000.0,0
21,0,7474.67,4000,4000,6,6000.0,4000,20000000.0,24000000.0,0
21,1,5354.56,8000,8000,23,9600.0,8000,30400000.0,38400000.0,0
21,2,2066.53,2000,2000,10,3000.0,2000,10000000.0,12000000.0,0
21,3,7903.58,8000,8000,16,9600.0,8000,21600000.0,38400000.0,0
21,4,3902.55,4000,4000,16,6000.0,4000,20000000.0,24000000.0,0
21,5,1695.82,500,500,3,750.0,500,2500000.0,3000000.0,0
21,6,6615.64,8000,8000,19,9600.0,8000,30400000.0,38400000.0,0
21,7,5526.43,2000,2000,4,3000.0,2000,10000000.0,12000000.0,0
22,0,7418.8,4000,4000,6,6000.0,4000,20000000.0,24000000.0,0
22,1,5533.06,8000,8000,22,9600.0,8000,30400000.0,38400000.0,0
22,2,2137.52,2000,2000,10,3000.0,2000,10000000.0,12000000.0,0
22,3,7885.37,8000,8000,16,9600.0,8000,23200000.0,38400000.0,0
22,4,3690.85,4000,4000,17,6000.0,4000,20000000.0,24000000.0,0
22,5,1468.59,500,500,4,750.0,500,2500000.0,3000000.0,0
22,6,6504.01,8000,8000,19,9600.0,8000,30400000.0,38400000.0,0
22,7,5740.53,2000,2000,4,3000.0,2000,10000000.0,12000000.0,0
23,0,7472.32,4000,4000,6,6000.0,4000,20000000.0,24000000.0,0
23,1,5221.63,8000,8000,23,9600.0,8000,30400000.0,38400000.0,0
23,2,2163.49,2000,2000,10,3000.0,2000,10000000.0,12000000.0,0
23,3,7981.7,8000,8000,16,9600.0,8000,24800000.0,38400000.0,0
23,4,3469.88,4000,4000,18,6000.0,4000,20000000.0,24000000.0,0
23,5,1491.65,500,500,4,750.0,500,2500000.0,3000000.0,0
23,6,6518.56,8000,8000,19,9600.0,8000,30400000.0,38400000.0,0
23,7,5454.79,2000,2000,4,3000.0,2000,10000000.0,12000000.0,0
24,0,7561.77,8000,8000,16,9600.0,8000,21600000.0,38400000.0,0
24,1,5361.82,4000,4000,8,6000.0,4000,20000000.0,24000000.0,0
24,2,2325.95,4000,4000,26,6000.0,4000,14000000.0,24000000.0,0
24,3,8245.15,8000,8000,10,9600.0,8000,26400000.0,38400000.0,0
24,4,3125.47,4000,4000,20,6000.0,4000,20000000.0,24000000.0,0
24,5,1350.98,500,500,4,750.0,500,2500000.0,3000000.0,0
24,6,6647.32,4000,4000,7,6000.0,4000,20000000.0,24000000.0,0
24,7,5583.24,2000,2000,4,3000.0,2000,10000000.0,12000000.0,0
25,0,7690.53,8000,8000,16,9600.0,8000,23200000.0,38400000.0,0
25,1,6000.0,4000,4000,7,6000.0,4000,20000000.0,24000000.0,0
25,2,2411.58,4000,4000,25,6000.0,4000,16000000.0,24000000.0,0
25,3,8529.04,8000,8000,10,9600.0,8000,28000000.0,38400000.0,0
25,4,3363.97,2000,2000,6,3000.0,2000,10000000.0,12000000.0,0
25,5,1448.68,2000,2000,21,3000.0,2000,7000000.0,12000000.0,0
25,6,6568.51,4000,4000,7,6000.0,4000,20000000.0,24000000.0,0
25,7,5772.98,2000,2000,4,3000.0,2000,10000000.0,12000000.0,0
26,0,7497.33,8000,8000,17,9600.0,8000,24800000.0,38400000.0,0
26,1,5940.8,4000,4000,7,6000.0,4000,20000000.0,24000000.0,0
26,2,2338.78,2000,2000,9,3000.0,2000,10000000.0,12000000.0,0
26,3,8549.51,8000,8000,10,9600.0,8000,29600000.0,38400000.0,0
26,4,3942.63,2000,2000,6,3000.0,2000,10000000.0,12000000.0,0
26,5,1168.59,2000,2000,26,3000.0,2000,8000000.0,12000000.0,0
26,6,6740.07,4000,4000,6,6000.0,4000,20000000.0,24000000.0,0
26,7,5369.8,2000,2000,4,3000.0,2000,10000000.0,12000000.0,0
27,0,7379.34,8000,8000,17,9600.0,8000,26400000.0,38400000.0,0
27,1,6000.0,4000,4000,7,6000.0,4000,20000000.0,24000000.0,0
27,2,2348.42,2000,2000,9,3000.0,2000,10000000.0,12000000.0,0
27,3,8280.07,8000,8000,10,9600.0,8000,30400000.0,38400000.0,0
27,4,3763.81,2000,2000,6,3000.0,2000,10000000.0,12000000.0,0
27,5,1270.53,2000,2000,24,3000.0,2000,9000000.0,12000000.0,0
27,6,6557.48,4000,4000,7,6000.0,4000,20000000.0,24000000.0,0
27,7,5423.92,2000,2000,4,3000.0,2000,10000000.0,12000000.0,0
28,0,7390.74,8000,8000,17,9600.0,8000,28000000.0,38400000.0,0
28,1,5837.1,4000,4000,7,6000.0,4000,20000000.0,24000000.0,0
28,2,2670.01,2000,2000,8,3000.0,2000,10000000.0,12000000.0,0
28,3,8438.55,8000,8000,10,9600.0,8000,30400000.0,38400000.0,0
28,4,3257.52,2000,2000,7,3000.0,2000,10000000.0,12000000.0,0
28,5,1298.5,2000,2000,24,3000.0,2000,10000000.0,12000000.0,0
28,6,6392.03,4000,4000,7,6000.0,4000,20000000.0,24000000.0,0
28,7,5637.02,2000,2000,4,3000.0,2000,10000000.0,12000000.0,0
29,0,7192.61,8000,8000,17,9600.0,8000,29600000.0,38400000.0,0
29,1,5808.42,4000,4000,7,6000.0,4000,20000000.0,24000000.0,0
29,2,2745.76,2000,2000,8,3000.0,2000,10000000.0,12000000.0,0
29,3,8654.99,8000,8000,10,9600.0,8000,30400000.0,38400000.0,0
29,4,2957.45,2000,2000,7,3000.0,2000,10000000.0,12000000.0,0
29,5,1248.33,2000,2000,25,3000.0,2000,10000000.0,12000000.0,0
29,6,6273.3,4000,4000,7,6000.0,4000,20000000.0,24000000.0,0
29,7,5473.69,2000,2000,4,3000.0,2000,10000000.0,12000000.0,0
30,0,7633.97,8000,8000,16,9600.0,8000,30400000.0,38400000.0,0
30,1,5909.66,4000,4000,7,6000.0,4000,20000000.0,24000000.0,0
30,2,2556.63,2000,2000,8,3000.0,2000,10000000.0,12000000.0,0
30,3,8884.46,8000,8000,10,9600.0,8000,30400000.0,38400000.0,0
30,4,3487.98,2000,2000,6,3000.0,2000,10000000.0,12000000.0,0
30,5,1403.2,2000,2000,22,3000.0,2000,10000000.0,12000000.0,0
30,6,5893.45,4000,4000,7,6000.0,4000,20000000.0,24000000.0,0
30,7,5352.63,2000,2000,4,3000.0,2000,10000000.0,12000000.0,0
31,0,7950.7,8000,8000,16,9600.0,8000,30400000.0,38400000.0,0
31,1,5732.74,4000,4000,7,6000.0,4000,20000000.0,24000000.0,0
31,2,2623.2,2000,2000,8,3000.0,2000,10000000.0,12000000.0,0
31,3,9078.11,8000,8000,9,9600.0,8000,30400000.0,38400000.0,0
31,4,3256.25,2000,2000,7,3000.0,2000,10000000.0,12000000.0,0
31,5,1394.27,2000,2000,22,3000.0,2000,10000000.0,12000000.0,0
31,6,5083.14,4000,4000,8,6000.0,4000,20000000.0,24000000.0,0
31,7,5096.54,4000,4000,8,6000.0,4000,14000000.0,24000000.0,0
32,0,7887.56,8000,8000,16,9600.0,8000,30400000.0,38400000.0,0
32,1,5420.8,4000,4000,8,6000.0,4000,20000000.0,24000000.0,0
32,2,2868.06,2000,2000,7,3000.0,2000,10000000.0,12000000.0,0
32,3,8720.58,8000,8000,10,9600.0,8000,30400000.0,38400000.0,0
32,4,3146.24,2000,2000,7,3000.0,2000,10000000.0,12000000.0,0
32,5,1413.88,2000,2000,22,3000.0,2000,10000000.0,12000000.0,0
32,6,5443.45,4000,4000,8,6000.0,4000,20000000.0,24000000.0,0
32,7,4737.57,4000,4000,9,6000.0,4000,16000000.0,24000000.0,0
33,0,8178.35,8000,8000,10,9600.0,8000,30400000.0,38400000.0,0
33,1,5423.36,4000,4000,8,6000.0,4000,20000000.0,24000000.0,0
33,2,2720.84,2000,2000,8,3000.0,2000,10000000.0,12000000.0,0
33,3,8836.11,8000,8000,10,9600.0,8000,30400000.0,38400000.0,0
33,4,3196.01,2000,2000,7,3000.0,2000,10000000.0,12000000.0,0
33,5,1323.85,2000,2000,23,3000.0,2000,10000000.0,12000000.0,0
33,6,5460.91,4000,4000,8,6000.0,4000,20000000.0,24000000.0,0
33,7,4641.24,4000,4000,9,6000.0,4000,18000000.0,24000000.0,0
34,0,8206.73,8000,8000,10,9600.0,8000,30400000.0,38400000.0,0
34,1,5588.89,8000,8000,22,9600.0,8000,21600000.0,38400000.0,0
34,2,2958.74,2000,2000,7,3000.0,2000,10000000.0,12000000.0,0
34,3,8526.65,4000,4000,5,6000.0,4000,20000000.0,24000000.0,0
34,4,3729.26,2000,2000,6,3000.0,2000,10000000.0,12000000.0,0
34,5,1031.03,2000,2000,30,3000.0,2000,10000000.0,12000000.0,0
34,6,5422.96,4000,4000,8,6000.0,4000,20000000.0,24000000.0,0
34,7,4788.32,4000,4000,9,6000.0,4000,20000000.0,24000000.0,0
35,0,8276.97,4000,4000,5,6000.0,4000,20000000.0,24000000.0,0
35,1,5433.21,8000,8000,23,9600.0,8000,23200000.0,38400000.0,0
35,2,2927.52,2000,2000,7,3000.0,2000,10000000.0,12000000.0,0
35,3,8403.4,4000,4000,5,6000.0,4000,20000000.0,24000000.0,0
35,4,3581.92,8000,8000,34,9600.0,8000,20800000.0,38400000.0,0
35,5,1158.47,1000,1000,9,1500.0,1000,5000000.0,6000000.0,0
35,6,5512.21,4000,4000,8,6000.0,4000,20000000.0,24000000.0,0
35,7,4615.09,4000,4000,9,6000.0,4000,20000000.0,24000000.0,0
36,0,8501.87,4000,4000,5,6000.0,4000,20000000.0,24000000.0,0
36,1,5510.04,8000,8000,22,9600.0,8000,24800000.0,38400000.0,0
36,2,3000.0,1000,1000,4,1500.0,1000,5000000.0,6000000.0,0
36,3,8560.81,4000,4000,5,6000.0,4000,20000000.0,24000000.0,0
36,4,3374.67,8000,8000,36,9600.0,8000,22400000.0,38400000.0,0
36,5,1074.45,1000,1000,10,1500.0,1000,5000000.0,6000000.0,0
36,6,5699.04,4000,4000,8,6000.0,4000,20000000.0,24000000.0,0
36,7,4767.69,4000,4000,9,6000.0,4000,20000000.0,24000000.0,0
37,0,8496.65,4000,4000,5,6000.0,4000,20000000.0,24000000.0,0
37,1,5539.37,8000,8000,22,9600.0,8000,26400000.0,38400000.0,0
37,2,3000.0,1000,1000,4,1500.0,1000,5000000.0,6000000.0,0
37,3,8412.92,4000,4000,5,6000.0,4000,20000000.0,24000000.0,0
37,4,3511.45,8000,8000,35,9600.0,8000,24000000.0,38400000.0,0
37,5,1044.12,1000,1000,10,1500.0,1000,5000000.0,6000000.0,0
37,6,5644.62,4000,4000,8,6000.0,4000,20000000.0,24000000.0,0
37,7,5042.38,4000,4000,8,6000.0,4000,20000000.0,24000000.0,0
38,0,8703.0,4000,4000,5,6000.0,4000,20000000.0,24000000.0,0
38,1,5742.75,8000,8000,21,9600.0,8000,28000000.0,38400000.0,0
38,2,3000.0,1000,1000,4,1500.0,1000,5000000.0,6000000.0,0
38,3,8418.17,4000,4000,5,6000.0,4000,20000000.0,24000000.0,0
38,4,3681.94,8000,8000,33,9600.0,8000,25600000.0,38400000.0,0
38,5,1000.0,1000,1000,10,1500.0,1000,5000000.0,6000000.0,0
38,6,5725.66,4000,4000,7,6000.0,4000,20000000.0,24000000.0,0
38,7,5009.85,4000,4000,8,6000.0,4000,20000000.0,24000000.0,0
39,0,8727.25,4000,4000,5,6000.0,4000,20000000.0,24000000.0,0
39,1,5891.54,8000,8000,21,9600.0,8000,29600000.0,38400000.0,0
39,2,2877.27,1000,1000,4,1500.0,1000,5000000.0,6000000.0,0
39,3,8941.26,4000,4000,5,6000.0,4000,20000000.0,24000000.0,0
39,4,3430.43,8000,8000,35,9600.0,8000,27200000.0,38400000.0,0
39,5,1000.0,1000,1000,10,1500.0,1000,5000000.0,6000000.0,0
39,6,6015.19,4000,4000,7,6000.0,4000,20000000.0,24000000.0,0
39,7,5207.76,4000,4000,8,6000.0,4000,20000000.0,24000000.0,0
40,0,8883.28,4000,4000,5,6000.0,4000,20000000.0,24000000.0,0
40,1,6000.0,8000,8000,20,9600.0,8000,30400000.0,38400000.0,0
40,2,2875.43,1000,1000,4,1500.0,1000,5000000.0,6000000.0,0
40,3,8716.95,4000,4000,5,6000.0,4000,20000000.0,24000000.0,0
40,4,3449.38,8000,8000,35,9600.0,8000,28800000.0,38400000.0,0
40,5,1000.0,1000,1000,10,1500.0,1000,5000000.0,6000000.0,0
40,6,6258.96,4000,4000,7,6000.0,4000,20000000.0,24000000.0,0
40,7,5171.0,4000,4000,8,6000.0,4000,20000000.0,24000000.0,0
41,0,8676.91,4000,4000,5,6000.0,4000,20000000.0,24000000.0,0
41,1,5919.65,8000,8000,21,9600.0,8000,30400000.0,38400000.0,0
41,2,2937.37,1000,1000,4,1500.0,1000,5000000.0,6000000.0,0
41,3,8576.02,4000,4000,5,6000.0,4000,20000000.0,24000000.0,0
41,4,3243.83,8000,8000,37,9600.0,8000,30400000.0,38400000.0,0
41,5,1036.55,1000,1000,10,1500.0,1000,5000000.0,6000000.0,0
41,6,6320.21,4000,4000,7,6000.0,4000,20000000.0,24000000.0,0
41,7,5044.26,4000,4000,8,6000.0,4000,20000000.0,24000000.0,0
42,0,8559.15,4000,4000,5,6000.0,4000,20000000.0,24000000.0,0
42,1,5977.67,8000,8000,21,9600.0,8000,30400000.0,38400000.0,0
42,2,2720.16,1000,1000,4,1500.0,1000,5000000.0,6000000.0,0
42,3,8224.15,4000,4000,5,6000.0,4000,20000000.0,24000000.0,0
42,4,3064.22,8000,8000,40,9600.0,8000,30400000.0,38400000.0,0
42,5,1004.54,1000,1000,10,1500.0,1000,5000000.0,6000000.0,0
42,6,6397.93,4000,4000,7,6000.0,4000,20000000.0,24000000.0,0
42,7,5413.1,4000,4000,8,6000.0,4000,20000000.0,24000000.0,0
43,0,8773.56,4000,4000,5,6000.0,4000,20000000.0,24000000.0,0
43,1,5937.68,8000,8000,21,9600.0,8000,30400000.0,38400000.0,0
43,2,2717.3,1000,1000,4,1500.0,1000,5000000.0,6000000.0,0
43,3,7973.52,4000,4000,6,6000.0,4000,20000000.0,24000000.0,0
43,4,3059.59,8000,8000,40,9600.0,8000,30400000.0,38400000.0,0
43,5,1000.0,1000,1000,10,1500.0,1000,5000000.0,6000000.0,0
43,6,6478.61,4000,4000,7,6000.0,4000,20000000.0,24000000.0,0
43,7,5206.29,2000,2000,4,3000.0,2000,10000000.0,12000000.0,0
44,0,8903.4,4000,4000,5,6000.0,4000,20000000.0,24000000.0,0
44,1,6000.0,8000,8000,20,9600.0,8000,30400000.0,38400000.0,0
44,2,2700.99,1000,1000,4,1500.0,1000,5000000.0,6000000.0,0
44,3,8073.95,8000,8000,10,9600.0,8000,21600000.0,38400000.0,0
44,4,3232.13,8000,8000,38,9600.0,8000,30400000.0,38400000.0,0
44,5,1000.0,1000,1000,10,1500.0,1000,5000000.0,6000000.0,0
44,6,6534.64,4000,4000,7,6000.0,4000,20000000.0,24000000.0,0
44,7,5209.44,2000,2000,4,3000.0,2000,10000000.0,12000000.0,0
45,0,8927.82,8000,8000,9,9600.0,8000,21600000.0,38400000.0,0
45,1,5806.75,8000,8000,21,9600.0,8000,30400000.0,38400000.0,0
45,2,2704.67,1000,1000,4,1500.0,1000,5000000.0,6000000.0,0
45,3,8198.45,8000,8000,10,9600.0,8000,23200000.0,38400000.0,0
45,4,3594.91,4000,4000,17,6000.0,4000,20000000.0,24000000.0,0
45,5,1143.89,2000,2000,27,3000.0,2000,7000000.0,12000000.0,0
45,6,7072.93,4000,4000,6,6000.0,4000,20000000.0,24000000.0,0
45,7,5017.6,2000,2000,4,3000.0,2000,10000000.0,12000000.0,0
46,0,9145.9,8000,8000,9,9600.0,8000,23200000.0,38400000.0,0
46,1,5852.58,4000,4000,7,6000.0,4000,20000000.0,24000000.0,0
46,2,3000.0,2000,2000,7,3000.0,2000,7000000.0,12000000.0,0
46,3,7996.37,8000,8000,16,9600.0,8000,24800000.0,38400000.0,0
46,4,3384.98,4000,4000,18,6000.0,4000,20000000.0,24000000.0,0
46,5,1053.98,2000,2000,29,3000.0,2000,8000000.0,12000000.0,0
46,6,6541.96,4000,4000,7,6000.0,4000,20000000.0,24000000.0,0
46,7,4886.16,2000,2000,5,3000.0,2000,10000000.0,12000000.0,0
47,0,8956.11,8000,8000,9,9600.0,8000,24800000.0,38400000.0,0
47,1,5890.18,4000,4000,7,6000.0,4000,20000000.0,24000000.0,0
47,2,3000.0,2000,2000,7,3000.0,2000,8000000.0,12000000.0,0
47,3,8465.42,8000,8000,10,9600.0,8000,26400000.0,38400000.0,0
47,4,3622.59,4000,4000,17,6000.0,4000,20000000.0,24000000.0,0
47,5,1000.0,2000,2000,30,3000.0,2000,9000000.0,12000000.0,0
47,6,6317.35,4000,4000,7,6000.0,4000,20000000.0,24000000.0,0
47,7,5009.14,2000,2000,4,3000.0,2000,10000000.0,12000000.0,0
48,0,8626.06,8000,8000,10,9600.0,8000,26400000.0,38400000.0,0
48,1,6000.0,4000,4000,7,6000.0,4000,20000000.0,24000000.0,0
48,2,3000.0,2000,2000,7,3000.0,2000,9000000.0,12000000.0,0
48,3,8348.12,8000,8000,10,9600.0,8000,28000000.0,38400000.0,0
48,4,3194.3,4000,4000,19,6000.0,4000,20000000.0,24000000.0,0
48,5,1203.08,2000,2000,25,3000.0,2000,10000000.0,12000000.0,0
48,6,6288.72,4000,4000,7,6000.0,4000,20000000.0,24000000.0,0
48,7,5318.6,2000,2000,4,3000.0,2000,10000000.0,12000000.0,0
49,0,8227.45,8000,8000,10,9600.0,8000,28000000.0,38400000.0,0
49,1,5850.16,4000,4000,7,6000.0,4000,20000000.0,24000000.0,0
49,2,3000.0,2000,2000,7,3000.0,2000,10000000.0,12000000.0,0
49,3,8359.87,8000,8000,10,9600.0,8000,29600000.0,38400000.0,0
49,4,3081.79,4000,4000,20,6000.0,4000,20000000.0,24000000.0,0
49,5,1296.51,2000,2000,24,3000.0,2000,10000000.0,12000000.0,0
49,6,6021.81,4000,4000,7,6000.0,4000,20000000.0,24000000.0,0
49,7,5283.0,2000,2000,4,3000.0,2000,10000000.0,12000000.0,0
50,0,8257.52,8000,8000,10,9600.0,8000,29600000.0,38400000.0,0
50,1,5978.77,4000,4000,7,6000.0,4000,20000000.0,24000000.0,0
50,2,3000.0,2000,2000,7,3000.0,2000,10000000.0,12000000.0,0
50,3,8078.71,8000,8000,10,9600.0,8000,30400000.0,38400000.0,0
50,4,2698.26,4000,4000,23,6000.0,4000,20000000.0,24000000.0,0
50,5,1488.16,2000,2000,21,3000.0,2000,10000000.0,12000000.0,0
50,6,6104.89,4000,4000,7,6000.0,4000,20000000.0,24000000.0,0
50,7,5095.88,2000,2000,4,3000.0,2000,10000000.0,12000000.0,0
51,0,8645.31,8000,8000,10,9600.0,8000,30400000.0,38400000.0,0
51,1,6000.0,4000,4000,7,6000.0,4000,20000000.0,24000000.0,0
51,2,3000.0,2000,2000,7,3000.0,2000,10000000.0,12000000.0,0
51,3,8095.59,8000,8000,10,9600.0,8000,30400000.0,38400000.0,0
51,4,3213.45,4000,4000,19,6000.0,4000,20000000.0,24000000.0,0
51,5,1751.46,2000,2000,18,3000.0,2000,10000000.0,12000000.0,0
51,6,6042.65,8000,8000,20,9600.0,8000,21600000.0,38400000.0,0
51,7,5338.77,2000,2000,4,3000.0,2000,10000000.0,12000000.0,0
52,0,8806.66,8000,8000,10,9600.0,8000,30400000.0,38400000.0,0
52,1,6000.0,4000,4000,7,6000.0,4000,20000000.0,24000000.0,0
52,2,2855.26,2000,2000,8,3000.0,2000,10000000.0,12000000.0,0
52,3,8267.1,8000,8000,10,9600.0,8000,30400000.0,38400000.0,0
52,4,3478.05,4000,4000,18,6000.0,4000,20000000.0,24000000.0,0
52,5,1487.65,2000,2000,21,3000.0,2000,10000000.0,12000000.0,0
52,6,5746.84,8000,8000,21,9600.0,8000,23200000.0,38400000.0,0
52,7,4828.97,2000,2000,5,3000.0,2000,10000000.0,12000000.0,0
53,0,8739.3,8000,8000,10,9600.0,8000,30400000.0,38400000.0,0
53,1,6000.0,4000,4000,7,6000.0,4000,20000000.0,24000000.0,0
53,2,3000.0,2000,2000,7,3000.0,2000,10000000.0,12000000.0,0
53,3,8285.62,8000,8000,10,9600.0,8000,30400000.0,38400000.0,0
53,4,3885.21,4000,4000,16,6000.0,4000,20000000.0,24000000.0,0
53,5,1280.63,2000,2000,24,3000.0,2000,10000000.0,12000000.0,0
53,6,5320.99,8000,8000,23,9600.0,8000,24800000.0,38400000.0,0
53,7,4815.08,1000,1000,3,1500.0,1000,5000000.0,6000000.0,0
54,0,8835.32,8000,8000,10,9600.0,8000,30400000.0,38400000.0,0
54,1,5991.83,4000,4000,7,6000.0,4000,20000000.0,24000000.0,0
54,2,2689.88,2000,2000,8,3000.0,2000,10000000.0,12000000.0,0
54,3,8263.34,8000,8000,10,9600.0,8000,30400000.0,38400000.0,0
54,4,3559.09,4000,4000,17,6000.0,4000,20000000.0,24000000.0,0
54,5,1381.09,2000,2000,22,3000.0,2000,10000000.0,12000000.0,0
54,6,5412.64,8000,8000,23,9600.0,8000,26400000.0,38400000.0,0
54,7,4580.11,1000,1000,3,1500.0,1000,5000000.0,6000000.0,0
55,0,8706.85,8000,8000,10,9600.0,8000,30400000.0,38400000.0,0
55,1,5727.02,4000,4000,7,6000.0,4000,20000000.0,24000000.0,0
55,2,2680.48,2000,2000,8,3000.0,2000,10000000.0,12000000.0,0
55,3,8502.13,8000,8000,10,9600.0,8000,30400000.0,38400000.0,0
55,4,3312.66,4000,4000,19,6000.0,4000,20000000.0,24000000.0,0
55,5,1456.69,1000,1000,7,1500.0,1000,5000000.0,6000000.0,0
55,6,5280.08,8000,8000,23,9600.0,8000,28000000.0,38400000.0,0
55,7,4381.89,1000,1000,3,1500.0,1000,5000000.0,6000000.0,0
56,0,8680.1,8000,8000,10,9600.0,8000,30400000.0,38400000.0,0
56,1,5468.21,8000,8000,22,9600.0,8000,21600000.0,38400000.0,0
56,2,2597.43,2000,2000,8,3000.0,2000,10000000.0,12000000.0,0
56,3,8202.66,8000,8000,10,9600.0,8000,30400000.0,38400000.0,0
56,4,3803.84,4000,4000,16,6000.0,4000,20000000.0,24000000.0,0
56,5,1461.98,1000,1000,7,1500.0,1000,5000000.0,6000000.0,0
56,6,5105.15,8000,8000,24,9600.0,8000,29600000.0,38400000.0,0
56,7,4435.39,1000,1000,3,1500.0,1000,5000000.0,6000000.0,0
57,0,8652.01,8000,8000,10,9600.0,8000,30400000.0,38400000.0,0
57,1,5412.97,8000,8000,23,9600.0,8000,23200000.0,38400000.0,0
57,2,2689.56,2000,2000,8,3000.0,2000,10000000.0,12000000.0,0
57,3,8392.04,4000,4000,5,6000.0,4000,20000000.0,24000000.0,0
57,4,3671.21,4000,4000,17,6000.0,4000,20000000.0,24000000.0,0
57,5,1375.61,1000,1000,8,1500.0,1000,5000000.0,6000000.0,0
57,6,5036.38,8000,8000,24,9600.0,8000,30400000.0,38400000.0,0
57,7,3859.91,1000,1000,3,1500.0,1000,5000000.0,6000000.0,0
58,0,8273.22,8000,8000,10,9600.0,8000,30400000.0,38400000.0,0
58,1,5754.69,8000,8000,21,9600.0,8000,24800000.0,38400000.0,0
58,2,2936.3,4000,4000,21,6000.0,4000,14000000.0,24000000.0,0
58,3,8329.78,4000,4000,5,6000.0,4000,20000000.0,24000000.0,0
58,4,3815.35,2000,2000,6,3000.0,2000,10000000.0,12000000.0,0
58,5,1422.3,1000,1000,8,1500.0,1000,5000000.0,6000000.0,0
58,6,5806.1,8000,8000,21,9600.0,8000,30400000.0,38400000.0,0
58,7,4139.8,1000,1000,3,1500.0,1000,5000000.0,6000000.0,0
59,0,8241.24,8000,8000,10,9600.0,8000,30400000.0,38400000.0,0
59,1,5515.8,8000,8000,22,9600.0,8000,26400000.0,38400000.0,0
59,2,2695.34,4000,4000,23,6000.0,4000,16000000.0,24000000.0,0
59,3,8380.64,4000,4000,5,6000.0,4000,20000000.0,24000000.0,0
59,4,3626.26,2000,2000,6,3000.0,2000,10000000.0,12000000.0,0
59,5,1208.96,1000,1000,9,1500.0,1000,5000000.0,6000000.0,0
59,6,5644.46,8000,8000,22,9600.0,8000,30400000.0,38400000.0,0
59,7,3869.41,1000,1000,3,1500.0,1000,5000000.0,6000000.0,0
60,0,8663.02,8000,8000,10,9600.0,8000,30400000.0,38400000.0,0
60,1,5736.21,8000,8000,21,9600.0,8000,28000000.0,38400000.0,0
60,2,2694.14,4000,4000,23,6000.0,4000,18000000.0,24000000.0,0
60,3,8750.63,4000,4000,5,6000.0,4000,20000000.0,24000000.0,0
60,4,3645.61,2000,2000,6,3000.0,2000,10000000.0,12000000.0,0
60,5,1079.77,1000,1000,10,1500.0,1000,5000000.0,6000000.0,0
60,6,6025.24,8000,8000,20,9600.0,8000,30400000.0,38400000.0,0
60,7,4004.14,1000,1000,3,1500.0,1000,5000000.0,6000000.0,0
61,0,8403.71,8000,8000,10,9600.0,8000,30400000.0,38400000.0,0
61,1,5688.63,8000,8000,22,9600.0,8000,29600000.0,38400000.0,0
61,2,2562.8,4000,4000,24,6000.0,4000,20000000.0,24000000.0,0
61,3,8404.93,4000,4000,5,6000.0,4000,20000000.0,24000000.0,0
61,4,3877.15,2000,2000,6,3000.0,2000,10000000.0,12000000.0,0
61,5,1366.18,1000,1000,8,1500.0,1000,5000000.0,6000000.0,0
61,6,5675.6,8000,8000,22,9600.0,8000,30400000.0,38400000.0,0
61,7,4144.88,1000,1000,3,1500.0,1000,5000000.0,6000000.0,0
62,0,8241.05,4000,4000,5,6000.0,4000,20000000.0,24000000.0,0
62,1,5566.85,8000,8000,22,9600.0,8000,30400000.0,38400000.0,0
62,2,2473.94,4000,4000,25,6000.0,4000,20000000.0,24000000.0,0
62,3,8188.93,4000,4000,5,6000.0,4000,20000000.0,24000000.0,0
62,4,3889.28,2000,2000,6,3000.0,2000,10000000.0,12000000.0,0
62,5,1241.54,1000,1000,9,1500.0,1000,5000000.0,6000000.0,0
62,6,5743.21,8000,8000,21,9600.0,8000,30400000.0,38400000.0,0
62,7,4132.32,1000,1000,3,1500.0,1000,5000000.0,6000000.0,0
63,0,8181.31,4000,4000,5,6000.0,4000,20000000.0,24000000.0,0
63,1,5339.96,8000,8000,23,9600.0,8000,30400000.0,38400000.0,0
63,2,2387.42,4000,4000,26,6000.0,4000,20000000.0,24000000.0,0
63,3,8377.78,4000,4000,5,6000.0,4000,20000000.0,24000000.0,0
63,4,4014.51,2000,2000,5,3000.0,2000,10000000.0,12000000.0,0
63,5,1094.9,1000,1000,10,1500.0,1000,5000000.0,6000000.0,0
63,6,5768.05,8000,8000,21,9600.0,8000,30400000.0,38400000.0,0
63,7,4320.17,2000,2000,5,3000.0,2000,7000000.0,12000000.0,0
64,0,7763.96,4000,4000,6,6000.0,4000,20000000.0,24000000.0,0
64,1,5475.8,8000,8000,22,9600.0,8000,30400000.0,38400000.0,0
64,2,2288.03,4000,4000,27,6000.0,4000,20000000.0,24000000.0,0
64,3,8520.43,4000,4000,5,6000.0,4000,20000000.0,24000000.0,0
64,4,3823.7,2000,2000,6,3000.0,2000,10000000.0,12000000.0,0
64,5,1000.0,1000,1000,10,1500.0,1000,5000000.0,6000000.0,0
64,6,5361.16,4000,4000,8,6000.0,4000,20000000.0,24000000.0,0
64,7,4332.19,2000,2000,5,3000.0,2000,8000000.0,12000000.0,0
65,0,7828.89,4000,4000,6,6000.0,4000,20000000.0,24000000.0,0
65,1,5249.72,8000,8000,23,9600.0,8000,30400000.0,38400000.0,0
65,2,2383.82,4000,4000,26,6000.0,4000,20000000.0,24000000.0,0
65,3,8105.05,4000,4000,5,6000.0,4000,20000000.0,24000000.0,0
65,4,3807.18,2000,2000,6,3000.0,2000,10000000.0,12000000.0,0
65,5,1000.0,1000,1000,10,1500.0,1000,5000000.0,6000000.0,0
65,6,5198.2,4000,4000,8,6000.0,4000,20000000.0,24000000.0,0
65,7,4344.04,2000,2000,5,3000.0,2000,9000000.0,12000000.0,0
66,0,7613.79,4000,4000,6,6000.0,4000,20000000.0,24000000.0,0
66,1,5153.58,8000,8000,24,9600.0,8000,30400000.0,38400000.0,0
66,2,2534.76,4000,4000,24,6000.0,4000,20000000.0,24000000.0,0
66,3,7960.83,4000,4000,6,6000.0,4000,20000000.0,24000000.0,0
66,4,4016.1,2000,2000,5,3000.0,2000,10000000.0,12000000.0,0
66,5,1000.0,1000,1000,10,1500.0,1000,5000000.0,6000000.0,0
66,6,5330.65,4000,4000,8,6000.0,4000,20000000.0,24000000.0,0
66,7,4704.43,2000,2000,5,3000.0,2000,10000000.0,12000000.0,0
67,0,6995.88,4000,4000,6,6000.0,4000,20000000.0,24000000.0,0
67,1,4954.35,8000,8000,25,9600.0,8000,30400000.0,38400000.0,0
67,2,2621.32,4000,4000,23,6000.0,4000,20000000.0,24000000.0,0
67,3,7910.06,8000,8000,16,9600.0,8000,21600000.0,38400000.0,0
67,4,4108.88,2000,2000,5,3000.0,2000,10000000.0,12000000.0,0
67,5,1000.0,1000,1000,10,1500.0,1000,5000000.0,6000000.0,0
67,6,5352.3,4000,4000,8,6000.0,4000,20000000.0,24000000.0,0
67,7,4665.51,2000,2000,5,3000.0,2000,10000000.0,12000000.0,0
68,0,7287.82,4000,4000,6,6000.0,4000,20000000.0,24000000.0,0
68,1,5017.96,8000,8000,24,9600.0,8000,30400000.0,38400000.0,0
68,2,2671.96,4000,4000,23,6000.0,4000,20000000.0,24000000.0,0
68,3,7807.1,8000,8000,16,9600.0,8000,23200000.0,38400000.0,0
68,4,3986.98,2000,2000,6,3000.0,2000,10000000.0,12000000.0,0
68,5,1000.0,1000,1000,10,1500.0,1000,5000000.0,6000000.0,0
68,6,5450.91,4000,4000,8,6000.0,4000,20000000.0,24000000.0,0
68,7,4560.27,2000,2000,5,3000.0,2000,10000000.0,12000000.0,0
69,0,7360.27,4000,4000,6,6000.0,4000,20000000.0,24000000.0,0
69,1,5536.81,8000,8000,22,9600.0,8000,30400000.0,38400000.0,0
69,2,2802.63,4000,4000,22,6000.0,4000,20000000.0,24000000.0,0
69,3,7725.59,8000,8000,16,9600.0,8000,24800000.0,38400000.0,0
69,4,4287.29,4000,4000,10,6000.0,4000,14000000.0,24000000.0,0
69,5,1000.0,1000,1000,10,1500.0,1000,5000000.0,6000000.0,0
69,6,4941.38,4000,4000,9,6000.0,4000,20000000.0,24000000.0,0
69,7,4308.25,2000,2000,5,3000.0,2000,10000000.0,12000000.0,0
70,0,6892.57,4000,4000,6,6000.0,4000,20000000.0,24000000.0,0
70,1,5448.93,8000,8000,23,9600.0,8000,30400000.0,38400000.0,0
70,2,2805.4,4000,4000,22,6000.0,4000,20000000.0,24000000.0,0
70,3,8144.7,8000,8000,10,9600.0,8000,26400000.0,38400000.0,0
70,4,4369.02,4000,4000,10,6000.0,4000,16000000.0,24000000.0,0
70,5,1000.0,1000,1000,10,1500.0,1000,5000000.0,6000000.0,0
70,6,5148.73,4000,4000,8,6000.0,4000,20000000.0,24000000.0,0
70,7,3755.46,2000,2000,6,3000.0,2000,10000000.0,12000000.0,0
71,0,6951.47,4000,4000,6,6000.0,4000,20000000.0,24000000.0,0
71,1,5641.65,8000,8000,22,9600.0,8000,30400000.0,38400000.0,0
71,2,2583.61,4000,4000,24,6000.0,4000,20000000.0,24000000.0,0
71,3,8430.64,8000,8000,10,9600.0,8000,28000000.0,38400000.0,0
71,4,4453.64,4000,4000,9,6000.0,4000,18000000.0,24000000.0,0
71,5,1000.0,1000,1000,10,1500.0,1000,5000000.0,6000000.0,0
71,6,5306.93,4000,4000,8,6000.0,4000,20000000.0,24000000.0,0
71,7,4323.14,2000,2000,5,3000.0,2000,10000000.0,12000000.0,0
72,0,6996.94,8000,8000,18,9600.0,8000,21600000.0,38400000.0,0
72,1,5703.7,4000,4000,8,6000.0,4000,20000000.0,24000000.0,0
72,2,2514.7,4000,4000,24,6000.0,4000,20000000.0,24000000.0,0
72,3,8218.18,8000,8000,10,9600.0,8000,29600000.0,38400000.0,0
72,4,4661.23,4000,4000,9,6000.0,4000,20000000.0,24000000.0,0
72,5,1000.0,1000,1000,10,1500.0,1000,5000000.0,6000000.0,0
72,6,5324.82,4000,4000,8,6000.0,4000,20000000.0,24000000.0,0
72,7,4203.72,2000,2000,5,3000.0,2000,10000000.0,12000000.0,0
73,0,7116.68,8000,8000,17,9600.0,8000,23200000.0,38400000.0,0
73,1,5787.12,4000,4000,7,6000.0,4000,20000000.0,24000000.0,0
73,2,2670.34,2000,2000,8,3000.0,2000,10000000.0,12000000.0,0
73,3,8090.67,8000,8000,10,9600.0,8000,30400000.0,38400000.0,0
73,4,4593.76,4000,4000,9,6000.0,4000,20000000.0,24000000.0,0
73,5,1000.0,2000,2000,30,3000.0,2000,7000000.0,12000000.0,0
73,6,5213.75,4000,4000,8,6000.0,4000,20000000.0,24000000.0,0
73,7,4298.05,4000,4000,10,6000.0,4000,14000000.0,24000000.0,0
74,0,7305.93,8000,8000,17,9600.0,8000,24800000.0,38400000.0,0
74,1,5556.58,4000,4000,8,6000.0,4000,20000000.0,24000000.0,0
74,2,2800.78,2000,2000,8,3000.0,2000,10000000.0,12000000.0,0
74,3,8429.58,8000,8000,10,9600.0,8000,30400000.0,38400000.0,0
74,4,4697.12,4000,4000,9,6000.0,4000,20000000.0,24000000.0,0
74,5,1281.52,2000,2000,24,3000.0,2000,8000000.0,12000000.0,0
74,6,5020.3,4000,4000,8,6000.0,4000,20000000.0,24000000.0,0
74,7,3986.88,4000,4000,16,6000.0,4000,16000000.0,24000000.0,0
75,0,6861.25,8000,8000,18,9600.0,8000,26400000.0,38400000.0,0
75,1,5930.59,4000,4000,7,6000.0,4000,20000000.0,24000000.0,0
75,2,2898.93,2000,2000,7,3000.0,2000,10000000.0,12000000.0,0
75,3,8415.69,8000,8000,10,9600.0,8000,30400000.0,38400000.0,0
75,4,4767.11,4000,4000,9,6000.0,4000,20000000.0,24000000.0,0
75,5,1112.7,2000,2000,27,3000.0,2000,9000000.0,12000000.0,0
75,6,5631.74,4000,4000,8,6000.0,4000,20000000.0,24000000.0,0
75,7,4019.19,4000,4000,10,6000.0,4000,18000000.0,24000000.0,0
76,0,6888.6,8000,8000,18,9600.0,8000,28000000.0,38400000.0,0
76,1,6000.0,4000,4000,7,6000.0,4000,20000000.0,24000000.0,0
76,2,2971.08,2000,2000,7,3000.0,2000,10000000.0,12000000.0,0
76,3,8471.66,8000,8000,10,9600.0,8000,30400000.0,38400000.0,0
76,4,4569.49,4000,4000,9,6000.0,4000,20000000.0,24000000.0,0
76,5,1183.42,2000,2000,26,3000.0,2000,10000000.0,12000000.0,0
76,6,6102.24,4000,4000,7,6000.0,4000,20000000.0,24000000.0,0
76,7,4355.54,4000,4000,10,6000.0,4000,20000000.0,24000000.0,0
77,0,7286.9,8000,8000,17,9600.0,8000,29600000.0,38400000.0,0
77,1,5872.2,4000,4000,7,6000.0,4000,20000000.0,24000000.0,0
77,2,2822.64,2000,2000,8,3000.0,2000,10000000.0,12000000.0,0
77,3,8440.21,8000,8000,10,9600.0,8000,30400000.0,38400000.0,0
77,4,4583.42,4000,4000,9,6000.0,4000,20000000.0,24000000.0,0
77,5,1347.54,2000,2000,23,3000.0,2000,10000000.0,12000000.0,0
77,6,5679.13,4000,4000,8,6000.0,4000,20000000.0,24000000.0,0
77,7,4737.93,4000,4000,9,6000.0,4000,20000000.0,24000000.0,0
78,0,7247.39,8000,8000,17,9600.0,8000,30400000.0,38400000.0,0
78,1,5765.48,4000,4000,7,6000.0,4000,20000000.0,24000000.0,0
78,2,2670.83,2000,2000,8,3000.0,2000,10000000.0,12000000.0,0
78,3,8026.5,8000,8000,10,9600.0,8000,30400000.0,38400000.0,0
78,4,4789.21,4000,4000,9,6000.0,4000,20000000.0,24000000.0,0
78,5,1358.54,2000,2000,23,3000.0,2000,10000000.0,12000000.0,0
78,6,5356.64,4000,4000,8,6000.0,4000,20000000.0,24000000.0,0
78,7,4414.16,4000,4000,10,6000.0,4000,20000000.0,24000000.0,0
79,0,7163.45,8000,8000,17,9600.0,8000,30400000.0,38400000.0,0
79,1,6000.0,4000,4000,7,6000.0,4000,20000000.0,24000000.0,0
79,2,2631.89,2000,2000,8,3000.0,2000,10000000.0,12000000.0,0
79,3,7650.71,8000,8000,16,9600.0,8000,30400000.0,38400000.0,0
79,4,4727.78,4000,4000,9,6000.0,4000,20000000.0,24000000.0,0
79,5,1317.63,2000,2000,23,3000.0,2000,10000000.0,12000000.0,0
79,6,4682.42,4000,4000,9,6000.0,4000,20000000.0,24000000.0,0
79,7,4400.59,4000,4000,10,6000.0,4000,20000000.0,24000000.0,0
80,0,7105.71,8000,8000,17,9600.0,8000,30400000.0,38400000.0,0
80,1,6000.0,4000,4000,7,6000.0,4000,20000000.0,24000000.0,0
80,2,2909.23,2000,2000,7,3000.0,2000,10000000.0,12000000.0,0
80,3,7932.35,8000,8000,16,9600.0,8000,30400000.0,38400000.0,0
80,4,4660.56,4000,4000,9,6000.0,4000,20000000.0,24000000.0,0
80,5,1151.66,2000,2000,27,3000.0,2000,10000000.0,12000000.0,0
80,6,5325.76,2000,2000,4,3000.0,2000,10000000.0,12000000.0,0
80,7,4415.39,4000,4000,10,6000.0,4000,20000000.0,24000000.0,0
81,0,7109.2,8000,8000,17,9600.0,8000,30400000.0,38400000.0,0
81,1,5993.97,4000,4000,7,6000.0,4000,20000000.0,24000000.0,0
81,2,2938.94,2000,2000,7,3000.0,2000,10000000.0,12000000.0,0
81,3,7896.26,8000,8000,16,9600.0,8000,30400000.0,38400000.0,0
81,4,4517.14,4000,4000,9,6000.0,4000,20000000.0,24000000.0,0
81,5,1069.63,2000,2000,29,3000.0,2000,10000000.0,12000000.0,0
81,6,5317.57,2000,2000,4,3000.0,2000,10000000.0,12000000.0,0
81,7,4279.54,4000,4000,10,6000.0,4000,20000000.0,24000000.0,0
82,0,6930.99,8000,8000,18,9600.0,8000,30400000.0,38400000.0,0
82,1,6000.0,4000,4000,7,6000.0,4000,20000000.0,24000000.0,0
82,2,2900.7,2000,2000,7,3000.0,2000,10000000.0,12000000.0,0
82,3,8272.26,8000,8000,10,9600.0,8000,30400000.0,38400000.0,0
82,4,3854.4,2000,2000,6,3000.0,2000,10000000.0,12000000.0,0
82,5,1233.35,2000,2000,25,3000.0,2000,10000000.0,12000000.0,0
82,6,5629.09,2000,2000,4,3000.0,2000,10000000.0,12000000.0,0
82,7,3761.19,4000,4000,16,6000.0,4000,20000000.0,24000000.0,0
83,0,6845.31,8000,8000,18,9600.0,8000,30400000.0,38400000.0,0
83,1,5907.14,4000,4000,7,6000.0,4000,20000000.0,24000000.0,0
83,2,2689.57,4000,4000,23,6000.0,4000,14000000.0,24000000.0,0
83,3,8077.8,8000,8000,10,9600.0,8000,30400000.0,38400000.0,0
83,4,3576.75,2000,2000,6,3000.0,2000,10000000.0,12000000.0,0
83,5,1496.19,2000,2000,21,3000.0,2000,10000000.0,12000000.0,0
83,6,5863.01,2000,2000,4,3000.0,2000,10000000.0,12000000.0,0
83,7,4079.08,4000,4000,10,6000.0,4000,20000000.0,24000000.0,0
84,0,7025.73,8000,8000,18,9600.0,8000,30400000.0,38400000.0,0
84,1,5624.88,4000,4000,8,6000.0,4000,20000000.0,24000000.0,0
84,2,2610.89,4000,4000,23,6000.0,4000,16000000.0,24000000.0,0
84,3,8200.15,8000,8000,10,9600.0,8000,30400000.0,38400000.0,0
84,4,3271.22,2000,2000,7,3000.0,2000,10000000.0,12000000.0,0
84,5,1603.14,2000,2000,19,3000.0,2000,10000000.0,12000000.0,0
84,6,5802.93,2000,2000,4,3000.0,2000,10000000.0,12000000.0,0
84,7,3985.37,2000,2000,6,3000.0,2000,10000000.0,12000000.0,0
85,0,7203.47,8000,8000,17,9600.0,8000,30400000.0,38400000.0,0
85,1,5735.94,4000,4000,7,6000.0,4000,20000000.0,24000000.0,0
85,2,2556.75,4000,4000,24,6000.0,4000,18000000.0,24000000.0,0
85,3,8489.98,8000,8000,10,9600.0,8000,30400000.0,38400000.0,0
85,4,3000.96,2000,2000,7,3000.0,2000,10000000.0,12000000.0,0
85,5,1695.53,2000,2000,18,3000.0,2000,10000000.0,12000000.0,0
85,6,5951.2,2000,2000,4,3000.0,2000,10000000.0,12000000.0,0
85,7,3907.98,2000,2000,6,3000.0,2000,10000000.0,12000000.0,0
86,0,7285.0,8000,8000,17,9600.0,8000,30400000.0,38400000.0,0
86,1,5423.16,4000,4000,8,6000.0,4000,20000000.0,24000000.0,0
86,2,2695.35,4000,4000,23,6000.0,4000,20000000.0,24000000.0,0
86,3,8443.76,8000,8000,10,9600.0,8000,30400000.0,38400000.0,0
86,4,2870.28,2000,2000,7,3000.0,2000,10000000.0,12000000.0,0
86,5,1852.88,2000,2000,17,3000.0,2000,10000000.0,12000000.0,0
86,6,5775.12,2000,2000,4,3000.0,2000,10000000.0,12000000.0,0
86,7,3555.87,2000,2000,6,3000.0,2000,10000000.0,12000000.0,0
87,0,6895.85,8000,8000,18,9600.0,8000,30400000.0,38400000.0,0
87,1,5574.67,8000,8000,22,9600.0,8000,21600000.0,38400000.0,0
87,2,2503.29,4000,4000,24,6000.0,4000,20000000.0,24000000.0,0
87,3,8882.45,4000,4000,5,6000.0,4000,20000000.0,24000000.0,0
87,4,2349.79,2000,2000,9,3000.0,2000,10000000.0,12000000.0,0
87,5,2107.35,2000,2000,10,3000.0,2000,10000000.0,12000000.0,0
87,6,5827.87,2000,2000,4,3000.0,2000,10000000.0,12000000.0,0
87,7,3531.69,2000,2000,6,3000.0,2000,10000000.0,12000000.0,0
88,0,6759.62,8000,8000,18,9600.0,8000,30400000.0,38400000.0,0
88,1,5674.45,8000,8000,22,9600.0,8000,23200000.0,38400000.0,0
88,2,2497.64,4000,4000,25,6000.0,4000,20000000.0,24000000.0,0
88,3,9158.28,4000,4000,5,6000.0,4000,20000000.0,24000000.0,0
88,4,2378.35,2000,2000,9,3000.0,2000,10000000.0,12000000.0,0
88,5,2129.9,2000,2000,10,3000.0,2000,10000000.0,12000000.0,0
88,6,5736.97,2000,2000,4,3000.0,2000,10000000.0,12000000.0,0
88,7,3517.45,2000,2000,6,3000.0,2000,10000000.0,12000000.0,0
89,0,6836.57,4000,4000,6,6000.0,4000,20000000.0,24000000.0,0
89,1,5246.91,8000,8000,23,9600.0,8000,24800000.0,38400000.0,0
89,2,2295.41,4000,4000,27,6000.0,4000,20000000.0,24000000.0,0
89,3,9344.1,4000,4000,5,6000.0,4000,20000000.0,24000000.0,0
89,4,2421.07,2000,2000,9,3000.0,2000,10000000.0,12000000.0,0
89,5,2102.3,2000,2000,10,3000.0,2000,10000000.0,12000000.0,0
89,6,5741.58,2000,2000,4,3000.0,2000,10000000.0,12000000.0,0
89,7,3604.35,2000,2000,6,3000.0,2000,10000000.0,12000000.0,0
90,0,6701.63,4000,4000,6,6000.0,4000,20000000.0,24000000.0,0
90,1,5052.33,8000,8000,24,9600.0,8000,26400000.0,38400000.0,0
90,2,2324.79,4000,4000,26,6000.0,4000,20000000.0,24000000.0,0
90,3,9099.5,4000,4000,5,6000.0,4000,20000000.0,24000000.0,0
90,4,2523.13,2000,2000,8,3000.0,2000,10000000.0,12000000.0,0
90,5,1846.91,2000,2000,17,3000.0,2000,10000000.0,12000000.0,0
90,6,5998.86,4000,4000,7,6000.0,4000,14000000.0,24000000.0,0
90,7,3722.5,2000,2000,6,3000.0,2000,10000000.0,12000000.0,0
91,0,6765.64,4000,4000,6,6000.0,4000,20000000.0,24000000.0,0
91,1,5298.01,8000,8000,23,9600.0,8000,28000000.0,38400000.0,0
91,2,2574.61,4000,4000,24,6000.0,4000,20000000.0,24000000.0,0
91,3,9353.09,4000,4000,5,6000.0,4000,20000000.0,24000000.0,0
91,4,2062.91,2000,2000,10,3000.0,2000,10000000.0,12000000.0,0
91,5,1654.98,2000,2000,19,3000.0,2000,10000000.0,12000000.0,0
91,6,5842.66,4000,4000,7,6000.0,4000,16000000.0,24000000.0,0
91,7,3729.02,2000,2000,6,3000.0,2000,10000000.0,12000000.0,0
92,0,6895.05,4000,4000,6,6000.0,4000,20000000.0,24000000.0,0
92,1,5116.57,8000,8000,24,9600.0,8000,29600000.0,38400000.0,0
92,2,2602.63,4000,4000,24,6000.0,4000,20000000.0,24000000.0,0
92,3,9164.25,4000,4000,5,6000.0,4000,20000000.0,24000000.0,0
92,4,2000.0,1000,1000,5,1500.0,1000,5000000.0,6000000.0,0
92,5,1443.98,2000,2000,21,3000.0,2000,10000000.0,12000000.0,0
92,6,5611.85,4000,4000,8,6000.0,4000,18000000.0,24000000.0,0
92,7,3391.1,2000,2000,6,3000.0,2000,10000000.0,12000000.0,0
93,0,6651.08,4000,4000,7,6000.0,4000,20000000.0,24000000.0,0
93,1,5379.98,8000,8000,23,9600.0,8000,30400000.0,38400000.0,0
93,2,2460.22,4000,4000,25,6000.0,4000,20000000.0,24000000.0,0
93,3,9822.34,4000,4000,5,6000.0,4000,20000000.0,24000000.0,0
93,4,2123.33,1000,1000,5,1500.0,1000,5000000.0,6000000.0,0
93,5,1471.7,2000,2000,21,3000.0,2000,10000000.0,12000000.0,0
93,6,5397.26,4000,4000,8,6000.0,4000,20000000.0,24000000.0,0
93,7,3566.18,2000,2000,6,3000.0,2000,10000000.0,12000000.0,0
94,0,6507.17,4000,4000,7,6000.0,4000,20000000.0,24000000.0,0
94,1,5410.48,8000,8000,23,9600.0,8000,30400000.0,38400000.0,0
94,2,2844.23,4000,4000,22,6000.0,4000,20000000.0,24000000.0,0
94,3,9798.33,4000,4000,5,6000.0,4000,20000000.0,24000000.0,0
94,4,2410.65,1000,1000,5,1500.0,1000,5000000.0,6000000.0,0
94,5,1366.23,2000,2000,22,3000.0,2000,10000000.0,12000000.0,0
94,6,5388.52,4000,4000,8,6000.0,4000,20000000.0,24000000.0,0
94,7,4008.88,2000,2000,5,3000.0,2000,10000000.0,12000000.0,0
95,0,6350.43,4000,4000,7,6000.0,4000,20000000.0,24000000.0,0
95,1,5863.59,8000,8000,21,9600.0,8000,30400000.0,38400000.0,0
95,2,2950.39,8000,8000,41,9600.0,8000,21600000.0,38400000.0,0
95,3,9657.71,4000,4000,5,6000.0,4000,20000000.0,24000000.0,0
95,4,2568.75,1000,1000,4,1500.0,1000,5000000.0,6000000.0,0
95,5,1512.11,1000,1000,7,1500.0,1000,5000000.0,6000000.0,0
95,6,5543.97,4000,4000,8,6000.0,4000,20000000.0,24000000.0,0
95,7,3616.32,2000,2000,6,3000.0,2000,10000000.0,12000000.0,0
96,0,6168.65,4000,4000,7,6000.0,4000,20000000.0,24000000.0,0
96,1,5801.71,8000,8000,21,9600.0,8000,30400000.0,38400000.0,0
96,2,2939.23,8000,8000,41,9600.0,8000,23200000.0,38400000.0,0
96,3,9812.88,4000,4000,5,6000.0,4000,20000000.0,24000000.0,0
96,4,2613.17,1000,1000,4,1500.0,1000,5000000.0,6000000.0,0
96,5,1311.81,1000,1000,8,1500.0,1000,5000000.0,6000000.0,0
96,6,5639.02,4000,4000,8,6000.0,4000,20000000.0,24000000.0,0
96,7,3768.97,2000,2000,6,3000.0,2000,10000000.0,12000000.0,0
97,0,6308.59,4000,4000,7,6000.0,4000,20000000.0,24000000.0,0
97,1,6000.0,4000,4000,7,6000.0,4000,20000000.0,24000000.0,0
97,2,3000.0,8000,8000,40,9600.0,8000,24800000.0,38400000.0,0
97,3,9927.68,8000,8000,9,9600.0,8000,21600000.0,38400000.0,0
97,4,2595.63,1000,1000,4,1500.0,1000,5000000.0,6000000.0,0
97,5,1062.66,1000,1000,10,1500.0,1000,5000000.0,6000000.0,0
97,6,5746.42,4000,4000,7,6000.0,4000,20000000.0,24000000.0,0
97,7,3820.89,4000,4000,16,6000.0,4000,14000000.0,24000000.0,0
98,0,6376.49,4000,4000,7,6000.0,4000,20000000.0,24000000.0,0
98,1,5680.81,4000,4000,8,6000.0,4000,20000000.0,24000000.0,0
98,2,2837.84,4000,4000,22,6000.0,4000,20000000.0,24000000.0,0
98,3,10190.96,8000,8000,8,9600.0,8000,23200000.0,38400000.0,0
98,4,2585.74,1000,1000,4,1500.0,1000,5000000.0,6000000.0,0
98,5,1164.89,1000,1000,9,1500.0,1000,5000000.0,6000000.0,0
98,6,5753.5,4000,4000,7,6000.0,4000,20000000.0,24000000.0,0
98,7,3828.33,4000,4000,16,6000.0,4000,16000000.0,24000000.0,0
99,0,6611.06,8000,8000,19,9600.0,8000,21600000.0,38400000.0,0
99,1,5551.8,4000,4000,8,6000.0,4000,20000000.0,24000000.0,0
99,2,2852.26,4000,4000,22,6000.0,4000,20000000.0,24000000.0,0
99,3,10075.4,8000,8000,8,9600.0,8000,24800000.0,38400000.0,0
99,4,2477.12,1000,1000,5,1500.0,1000,5000000.0,6000000.0,0
99,5,1118.51,1000,1000,9,1500.0,1000,5000000.0,6000000.0,0
99,6,5809.03,4000,4000,7,6000.0,4000,20000000.0,24000000.0,0
99,7,3708.64,4000,4000,17,6000.0,4000,18000000.0,24000000.0,0
100,0,6925.0,8000,8000,18,9600.0,8000,23200000.0,38400000.0,0
100,1,5328.15,4000,4000,8,6000.0,4000,20000000.0,24000000.0,0
100,2,2824.23,4000,4000,22,6000.0,4000,20000000.0,24000000.0,0
100,3,9965.46,8000,8000,9,9600.0,8000,26400000.0,38400000.0,0
100,4,2838.87,1000,1000,4,1500.0,1000,5000000.0,6000000.0,0
100,5,1148.0,1000,1000,9,1500.0,1000,5000000.0,6000000.0,0
100,6,6067.0,4000,4000,7,6000.0,4000,20000000.0,24000000.0,0
100,7,3337.25,4000,4000,18,6000.0,4000,20000000.0,24000000.0,0
101,0,6991.76,8000,8000,18,9600.0,8000,24800000.0,38400000.0,0
101,1,5550.56,4000,4000,8,6000.0,4000,20000000.0,24000000.0,0
101,2,2836.57,4000,4000,22,6000.0,4000,20000000.0,24000000.0,0
101,3,10231.83,8000,8000,8,9600.0,8000,28000000.0,38400000.0,0
101,4,2709.54,1000,1000,4,1500.0,1000,5000000.0,6000000.0,0
101,5,1359.4,1000,1000,8,1500.0,1000,5000000.0,6000000.0,0
101,6,6641.72,4000,4000,7,6000.0,4000,20000000.0,24000000.0,0
101,7,3246.54,4000,4000,19,6000.0,4000,20000000.0,24000000.0,0
102,0,6880.39,8000,8000,18,9600.0,8000,26400000.0,38400000.0,0
102,1,5913.9,4000,4000,7,6000.0,4000,20000000.0,24000000.0,0
102,2,3000.0,4000,4000,20,6000.0,4000,20000000.0,24000000.0,0
102,3,10101.12,8000,8000,8,9600.0,8000,29600000.0,38400000.0,0
102,4,2604.5,2000,2000,8,3000.0,2000,7000000.0,12000000.0,0
102,5,1317.13,1000,1000,8,1500.0,1000,5000000.0,6000000.0,0
102,6,6305.61,4000,4000,7,6000.0,4000,20000000.0,24000000.0,0
102,7,3016.88,4000,4000,20,6000.0,4000,20000000.0,24000000.0,0
103,0,6629.35,8000,8000,19,9600.0,8000,28000000.0,38400000.0,0
103,1,5721.95,4000,4000,7,6000.0,4000,20000000.0,24000000.0,0
103,2,2994.8,4000,4000,21,6000.0,4000,20000000.0,24000000.0,0
103,3,10159.67,8000,8000,8,9600.0,8000,30400000.0,38400000.0,0
103,4,2992.12,2000,2000,7,3000.0,2000,8000000.0,12000000.0,0
103,5,1167.38,1000,1000,9,1500.0,1000,5000000.0,6000000.0,0
103,6,6551.69,4000,4000,7,6000.0,4000,20000000.0,24000000.0,0
103,7,2963.38,4000,4000,21,6000.0,4000,20000000.0,24000000.0,0
104,0,6616.98,8000,8000,19,9600.0,8000,29600000.0,38400000.0,0
104,1,5890.66,4000,4000,7,6000.0,4000,20000000.0,24000000.0,0
104,2,2826.39,4000,4000,22,6000.0,4000,20000000.0,24000000.0,0
104,3,10255.27,8000,8000,8,9600.0,8000,30400000.0,38400000.0,0
104,4,3033.73,2000,2000,7,3000.0,2000,9000000.0,12000000.0,0
104,5,1241.25,1000,1000,9,1500.0,1000,5000000.0,6000000.0,0
104,6,6623.98,4000,4000,7,6000.0,4000,20000000.0,24000000.0,0
104,7,3577.21,4000,4000,17,6000.0,4000,20000000.0,24000000.0,0
105,0,6457.55,8000,8000,19,9600.0,8000,30400000.0,38400000.0,0
105,1,5757.91,4000,4000,7,6000.0,4000,20000000.0,24000000.0,0
105,2,2732.92,4000,4000,22,6000.0,4000,20000000.0,24000000.0,0
105,3,10116.4,8000,8000,8,9600.0,8000,30400000.0,38400000.0,0
105,4,2874.39,2000,2000,7,3000.0,2000,10000000.0,12000000.0,0
105,5,1419.6,1000,1000,8,1500.0,1000,5000000.0,6000000.0,0
105,6,6979.11,4000,4000,6,6000.0,4000,20000000.0,24000000.0,0
105,7,3434.52,4000,4000,18,6000.0,4000,20000000.0,24000000.0,0
106,0,6249.46,8000,8000,20,9600.0,8000,30400000.0,38400000.0,0
106,1,5875.76,4000,4000,7,6000.0,4000,20000000.0,24000000.0,0
106,2,2650.08,4000,4000,23,6000.0,4000,20000000.0,24000000.0,0
106,3,10274.64,8000,8000,8,9600.0,8000,30400000.0,38400000.0,0
106,4,2925.12,2000,2000,7,3000.0,2000,10000000.0,12000000.0,0
106,5,1192.24,1000,1000,9,1500.0,1000,5000000.0,6000000.0,0
106,6,7365.98,4000,4000,6,6000.0,4000,20000000.0,24000000.0,0
106,7,3883.49,4000,4000,16,6000.0,4000,20000000.0,24000000.0,0
107,0,6096.26,8000,8000,20,9600.0,8000,30400000.0,38400000.0,0
107,1,5778.84,4000,4000,7,6000.0,4000,20000000.0,24000000.0,0
107,2,2692.96,4000,4000,23,6000.0,4000,20000000.0,24000000.0,0
107,3,10358.25,8000,8000,8,9600.0,8000,30400000.0,38400000.0,0
107,4,3089.75,2000,2000,7,3000.0,2000,10000000.0,12000000.0,0
107,5,1493.77,2000,2000,21,3000.0,2000,7000000.0,12000000.0,0
107,6,7321.75,4000,4000,6,6000.0,4000,20000000.0,24000000.0,0
107,7,3683.92,2000,2000,6,3000.0,2000,10000000.0,12000000.0,0
108,0,5751.43,8000,8000,21,9600.0,8000,30400000.0,38400000.0,0
108,1,5596.11,4000,4000,8,6000.0,4000,20000000.0,24000000.0,0
108,2,2688.0,4000,4000,23,6000.0,4000,20000000.0,24000000.0,0
108,3,10806.89,8000,8000,8,9600.0,8000,30400000.0,38400000.0,0
108,4,2960.35,2000,2000,7,3000.0,2000,10000000.0,12000000.0,0
108,5,1527.34,2000,2000,20,3000.0,2000,8000000.0,12000000.0,0
108,6,7317.64,4000,4000,6,6000.0,4000,20000000.0,24000000.0,0
108,7,3981.01,2000,2000,6,3000.0,2000,10000000.0,12000000.0,0
109,0,6383.17,8000,8000,19,9600.0,8000,30400000.0,38400000.0,0
109,1,5463.39,4000,4000,8,6000.0,4000,20000000.0,24000000.0,0
109,2,2614.58,4000,4000,23,6000.0,4000,20000000.0,24000000.0,0
109,3,11067.93,8000,8000,8,9600.0,8000,30400000.0,38400000.0,0
109,4,3130.82,2000,2000,7,3000.0,2000,10000000.0,12000000.0,0
109,5,1804.34,2000,2000,17,3000.0,2000,9000000.0,12000000.0,0
109,6,7463.62,4000,4000,6,6000.0,4000,20000000.0,24000000.0,0
109,7,3891.19,2000,2000,6,3000.0,2000,10000000.0,12000000.0,0
110,0,6530.83,8000,8000,19,9600.0,8000,30400000.0,38400000.0,0
110,1,5740.56,4000,4000,7,6000.0,4000,20000000.0,24000000.0,0
110,2,2737.65,4000,4000,22,6000.0,4000,20000000.0,24000000.0,0
110,3,11194.75,8000,8000,8,9600.0,8000,30400000.0,38400000.0,0
110,4,3397.49,2000,2000,6,3000.0,2000,10000000.0,12000000.0,0
110,5,1979.74,2000,2000,16,3000.0,2000,10000000.0,12000000.0,0
110,6,7809.16,8000,8000,16,9600.0,8000,21600000.0,38400000.0,0
110,7,4053.37,2000,2000,5,3000.0,2000,10000000.0,12000000.0,0
111,0,6489.05,8000,8000,19,9600.0,8000,30400000.0,38400000.0,0
111,1,5777.24,4000,4000,7,6000.0,4000,20000000.0,24000000.0,0
111,2,2918.63,4000,4000,21,6000.0,4000,20000000.0,24000000.0,0
111,3,10990.52,8000,8000,8,9600.0,8000,30400000.0,38400000.0,0
111,4,3489.66,2000,2000,6,3000.0,2000,10000000.0,12000000.0,0
111,5,1920.73,2000,2000,16,3000.0,2000,10000000.0,12000000.0,0
111,6,7816.35,8000,8000,16,9600.0,8000,23200000.0,38400000.0,0
111,7,4372.98,2000,2000,5,3000.0,2000,10000000.0,12000000.0,0
112,0,6536.83,8000,8000,19,9600.0,8000,30400000.0,38400000.0,0
112,1,5788.85,4000,4000,7,6000.0,4000,20000000.0,24000000.0,0
112,2,2714.65,4000,4000,23,6000.0,4000,20000000.0,24000000.0,0
112,3,11177.08,8000,8000,8,9600.0,8000,30400000.0,38400000.0,0
112,4,3651.03,2000,2000,6,3000.0,2000,10000000.0,12000000.0,0
112,5,2245.22,2000,2000,9,3000.0,2000,10000000.0,12000000.0,0
112,6,7739.4,8000,8000,16,9600.0,8000,24800000.0,38400000.0,0
112,7,4427.77,2000,2000,5,3000.0,2000,10000000.0,12000000.0,0
113,0,6599.17,8000,8000,19,9600.0,8000,30400000.0,38400000.0,0
113,1,6000.0,4000,4000,7,6000.0,4000,20000000.0,24000000.0,0
113,2,2700.36,4000,4000,23,6000.0,4000,20000000.0,24000000.0,0
113,3,11246.83,8000,8000,8,9600.0,8000,30400000.0,38400000.0,0
113,4,3803.01,2000,2000,6,3000.0,2000,10000000.0,12000000.0,0
113,5,2273.21,2000,2000,9,3000.0,2000,10000000.0,12000000.0,0
113,6,7627.8,8000,8000,16,9600.0,8000,26400000.0,38400000.0,0
113,7,4476.29,2000,2000,5,3000.0,2000,10000000.0,12000000.0,0
114,0,6867.58,8000,8000,18,9600.0,8000,30400000.0,38400000.0,0
114,1,5743.37,4000,4000,7,6000.0,4000,20000000.0,24000000.0,0
114,2,2720.3,4000,4000,23,6000.0,4000,20000000.0,24000000.0,0
114,3,11071.8,8000,8000,8,9600.0,8000,30400000.0,38400000.0,0
114,4,4101.77,4000,4000,10,6000.0,4000,14000000.0,24000000.0,0
114,5,2044.74,2000,2000,10,3000.0,2000,10000000.0,12000000.0,0
114,6,7488.06,8000,8000,17,9600.0,8000,28000000.0,38400000.0,0
114,7,4570.6,2000,2000,5,3000.0,2000,10000000.0,12000000.0,0
115,0,7258.96,8000,8000,17,9600.0,8000,30400000.0,38400000.0,0
115,1,5726.93,4000,4000,7,6000.0,4000,20000000.0,24000000.0,0
115,2,2637.02,2000,2000,8,3000.0,2000,10000000.0,12000000.0,0
115,3,11542.09,8000,8000,7,9600.0,8000,30400000.0,38400000.0,0
115,4,3739.76,4000,4000,17,6000.0,4000,16000000.0,24000000.0,0
115,5,1714.92,2000,2000,18,3000.0,2000,10000000.0,12000000.0,0
115,6,7598.07,8000,8000,16,9600.0,8000,29600000.0,38400000.0,0
115,7,4445.08,2000,2000,5,3000.0,2000,10000000.0,12000000.0,0
116,0,7003.65,8000,8000,18,9600.0,8000,30400000.0,38400000.0,0
116,1,5904.02,4000,4000,7,6000.0,4000,20000000.0,24000000.0,0
116,2,2673.59,2000,2000,8,3000.0,2000,10000000.0,12000000.0,0
116,3,11401.07,8000,8000,8,9600.0,8000,30400000.0,38400000.0,0
116,4,3419.69,4000,4000,18,6000.0,4000,18000000.0,24000000.0,0
116,5,1845.78,2000,2000,17,3000.0,2000,10000000.0,12000000.0,0
116,6,7760.62,8000,8000,16,9600.0,8000,30400000.0,38400000.0,0
116,7,4420.29,2000,2000,5,3000.0,2000,10000000.0,12000000.0,0
117,0,7465.31,8000,8000,17,9600.0,8000,30400000.0,38400000.0,0
117,1,5636.5,4000,4000,8,6000.0,4000,20000000.0,24000000.0,0
117,2,2444.76,2000,2000,9,3000.0,2000,10000000.0,12000000.0,0
117,3,11228.1,8000,8000,8,9600.0,8000,30400000.0,38400000.0,0
117,4,3408.29,4000,4000,18,6000.0,4000,20000000.0,24000000.0,0
117,5,1882.28,2000,2000,16,3000.0,2000,10000000.0,12000000.0,0
117,6,7700.31,8000,8000,16,9600.0,8000,30400000.0,38400000.0,0
117,7,4508.3,2000,2000,5,3000.0,2000,10000000.0,12000000.0,0
118,0,7152.43,8000,8000,17,9600.0,8000,30400000.0,38400000.0,0
118,1,5997.44,4000,4000,7,6000.0,4000,20000000.0,24000000.0,0
118,2,2432.44,2000,2000,9,3000.0,2000,10000000.0,12000000.0,0
118,3,11507.42,8000,8000,7,9600.0,8000,30400000.0,38400000.0,0
118,4,3493.97,4000,4000,18,6000.0,4000,20000000.0,24000000.0,0
118,5,1950.8,2000,2000,16,3000.0,2000,10000000.0,12000000.0,0
118,6,7842.75,8000,8000,16,9600.0,8000,30400000.0,38400000.0,0
118,7,4620.23,4000,4000,9,6000.0,4000,14000000.0,24000000.0,0
119,0,7313.11,8000,8000,17,9600.0,8000,30400000.0,38400000.0,0
119,1,6000.0,4000,4000,7,6000.0,4000,20000000.0,24000000.0,0
119,2,2461.92,2000,2000,9,3000.0,2000,10000000.0,12000000.0,0
119,3,11684.67,8000,8000,7,9600.0,8000,30400000.0,38400000.0,0
119,4,3471.54,4000,4000,18,6000.0,4000,20000000.0,24000000.0,0
119,5,2166.82,2000,2000,10,3000.0,2000,10000000.0,12000000.0,0
119,6,7673.65,8000,8000,16,9600.0,8000,30400000.0,38400000.0,0
119,7,5070.46,4000,4000,8,6000.0,4000,16000000.0,24000000.0,0
120,0,7303.07,8000,8000,17,9600.0,8000,30400000.0,38400000.0,0
120,1,5642.31,4000,4000,8,6000.0,4000,20000000.0,24000000.0,0
120,2,2481.13,2000,2000,9,3000.0,2000,10000000.0,12000000.0,0
120,3,11514.41,8000,8000,7,9600.0,8000,30400000.0,38400000.0,0
120,4,3681.7,4000,4000,17,6000.0,4000,20000000.0,24000000.0,0
120,5,2068.92,2000,2000,10,3000.0,2000,10000000.0,12000000.0,0
120,6,7562.11,8000,8000,16,9600.0,8000,30400000.0,38400000.0,0
120,7,4598.08,4000,4000,9,6000.0,4000,18000000.0,24000000.0,0
121,0,7189.99,8000,8000,17,9600.0,8000,30400000.0,38400000.0,0
121,1,5036.34,4000,4000,8,6000.0,4000,20000000.0,24000000.0,0
121,2,2243.55,2000,2000,9,3000.0,2000,10000000.0,12000000.0,0
121,3,11704.51,8000,8000,7,9600.0,8000,30400000.0,38400000.0,0
121,4,3878.15,4000,4000,16,6000.0,4000,20000000.0,24000000.0,0
121,5,2132.74,2000,2000,10,3000.0,2000,10000000.0,12000000.0,0
121,6,7320.36,8000,8000,17,9600.0,8000,30400000.0,38400000.0,0
121,7,4586.15,4000,4000,9,6000.0,4000,20000000.0,24000000.0,0
122,0,7189.09,8000,8000,17,9600.0,8000,30400000.0,38400000.0,0
122,1,4746.75,4000,4000,9,6000.0,4000,20000000.0,24000000.0,0
122,2,2469.06,2000,2000,9,3000.0,2000,10000000.0,12000000.0,0
122,3,11923.85,8000,8000,7,9600.0,8000,30400000.0,38400000.0,0
122,4,3822.91,4000,4000,16,6000.0,4000,20000000.0,24000000.0,0
122,5,2136.77,2000,2000,10,3000.0,2000,10000000.0,12000000.0,0
122,6,7372.46,8000,8000,17,9600.0,8000,30400000.0,38400000.0,0
122,7,4075.72,4000,4000,10,6000.0,4000,20000000.0,24000000.0,0
123,0,7127.3,8000,8000,17,9600.0,8000,30400000.0,38400000.0,0
123,1,4576.25,4000,4000,9,6000.0,4000,20000000.0,24000000.0,0
123,2,2318.81,2000,2000,9,3000.0,2000,10000000.0,12000000.0,0
123,3,11853.58,8000,8000,7,9600.0,8000,30400000.0,38400000.0,0
123,4,4272.33,4000,4000,10,6000.0,4000,20000000.0,24000000.0,0
123,5,2232.9,4000,4000,27,6000.0,4000,14000000.0,24000000.0,0
123,6,7229.66,4000,4000,6,6000.0,4000,20000000.0,24000000.0,0
123,7,4218.86,4000,4000,10,6000.0,4000,20000000.0,24000000.0,0
124,0,7477.14,8000,8000,17,9600.0,8000,30400000.0,38400000.0,0
124,1,4807.41,4000,4000,9,6000.0,4000,20000000.0,24000000.0,0
124,2,2327.76,2000,2000,9,3000.0,2000,10000000.0,12000000.0,0
124,3,11691.84,8000,8000,7,9600.0,8000,30400000.0,38400000.0,0
124,4,4446.89,4000,4000,9,6000.0,4000,20000000.0,24000000.0,0
124,5,2291.92,4000,4000,27,6000.0,4000,16000000.0,24000000.0,0
124,6,7453.46,4000,4000,6,6000.0,4000,20000000.0,24000000.0,0
124,7,4377.66,4000,4000,10,6000.0,4000,20000000.0,24000000.0,0
125,0,7739.52,8000,8000,16,9600.0,8000,30400000.0,38400000.0,0
125,1,4673.6,4000,4000,9,6000.0,4000,20000000.0,24000000.0,0
125,2,2525.37,2000,2000,8,3000.0,2000,10000000.0,12000000.0,0
125,3,11741.24,8000,8000,7,9600.0,8000,30400000.0,38400000.0,0
125,4,4965.7,4000,4000,9,6000.0,4000,20000000.0,24000000.0,0
125,5,2188.54,4000,4000,28,6000.0,4000,18000000.0,24000000.0,0
125,6,7887.45,4000,4000,6,6000.0,4000,20000000.0,24000000.0,0
125,7,4427.13,4000,4000,10,6000.0,4000,20000000.0,24000000.0,0
126,0,7576.67,8000,8000,16,9600.0,8000,30400000.0,38400000.0,0
126,1,4552.63,4000,4000,9,6000.0,4000,20000000.0,24000000.0,0
126,2,2477.32,2000,2000,9,3000.0,2000,10000000.0,12000000.0,0
126,3,11847.29,8000,8000,7,9600.0,8000,30400000.0,38400000.0,0
126,4,5096.41,4000,4000,8,6000.0,4000,20000000.0,24000000.0,0
126,5,2102.49,4000,4000,29,6000.0,4000,20000000.0,24000000.0,0
126,6,7881.37,4000,4000,6,6000.0,4000,20000000.0,24000000.0,0
126,7,4962.7,4000,4000,9,6000.0,4000,20000000.0,24000000.0,0
127,0,8008.55,8000,8000,10,9600.0,8000,30400000.0,38400000.0,0
127,1,4661.71,4000,4000,9,6000.0,4000,20000000.0,24000000.0,0
127,2,2483.02,2000,2000,9,3000.0,2000,10000000.0,12000000.0,0
127,3,11877.29,8000,8000,7,9600.0,8000,30400000.0,38400000.0,0
127,4,5249.79,4000,4000,8,6000.0,4000,20000000.0,24000000.0,0
127,5,1949.07,4000,4000,31,6000.0,4000,20000000.0,24000000.0,0
127,6,7817.02,4000,4000,6,6000.0,4000,20000000.0,24000000.0,0
127,7,4545.55,4000,4000,9,6000.0,4000,20000000.0,24000000.0,0
128,0,8108.36,8000,8000,10,9600.0,8000,30400000.0,38400000.0,0
128,1,4823.51,4000,4000,9,6000.0,4000,20000000.0,24000000.0,0
128,2,2410.54,2000,2000,9,3000.0,2000,10000000.0,12000000.0,0
128,3,12000.0,8000,8000,7,9600.0,8000,30400000.0,38400000.0,0
128,4,4943.35,4000,4000,9,6000.0,4000,20000000.0,24000000.0,0
128,5,1729.41,4000,4000,35,6000.0,4000,20000000.0,24000000.0,0
128,6,7873.13,4000,4000,6,6000.0,4000,20000000.0,24000000.0,0
128,7,4807.33,4000,4000,9,6000.0,4000,20000000.0,24000000.0,0
129,0,8529.34,8000,8000,10,9600.0,8000,30400000.0,38400000.0,0
129,1,4708.79,4000,4000,9,6000.0,4000,20000000.0,24000000.0,0
129,2,2572.34,2000,2000,8,3000.0,2000,10000000.0,12000000.0,0
129,3,11990.37,8000,8000,7,9600.0,8000,30400000.0,38400000.0,0
129,4,4900.19,4000,4000,9,6000.0,4000,20000000.0,24000000.0,0
129,5,1861.96,4000,4000,33,6000.0,4000,20000000.0,24000000.0,0
129,6,8036.21,4000,4000,5,6000.0,4000,20000000.0,24000000.0,0
129,7,4413.23,4000,4000,10,6000.0,4000,20000000.0,24000000.0,0
130,0,8898.48,8000,8000,9,9600.0,8000,30400000.0,38400000.0,0
130,1,5053.81,4000,4000,8,6000.0,4000,20000000.0,24000000.0,0
130,2,2478.51,4000,4000,25,6000.0,4000,14000000.0,24000000.0,0
130,3,12000.0,8000,8000,7,9600.0,8000,30400000.0,38400000.0,0
130,4,5023.7,4000,4000,8,6000.0,4000,20000000.0,24000000.0,0
130,5,1901.06,4000,4000,32,6000.0,4000,20000000.0,24000000.0,0
130,6,7898.64,4000,4000,6,6000.0,4000,20000000.0,24000000.0,0
130,7,4245.33,2000,2000,5,3000.0,2000,10000000.0,12000000.0,0
131,0,8892.09,8000,8000,9,9600.0,8000,30400000.0,38400000.0,0
131,1,5346.99,2000,2000,4,3000.0,2000,10000000.0,12000000.0,0
131,2,2560.05,4000,4000,24,6000.0,4000,16000000.0,24000000.0,0
131,3,11907.35,8000,8000,7,9600.0,8000,30400000.0,38400000.0,0
131,4,5216.62,2000,2000,4,3000.0,2000,10000000.0,12000000.0,0
131,5,1473.78,4000,4000,41,6000.0,4000,20000000.0,24000000.0,0
131,6,8185.83,4000,4000,5,6000.0,4000,20000000.0,24000000.0,0
131,7,3810.4,2000,2000,6,3000.0,2000,10000000.0,12000000.0,0
132,0,8801.48,8000,8000,10,9600.0,8000,30400000.0,38400000.0,0
132,1,5067.07,2000,2000,4,3000.0,2000,10000000.0,12000000.0,0
132,2,2365.84,4000,4000,26,6000.0,4000,18000000.0,24000000.0,0
132,3,12000.0,4000,4000,4,6000.0,4000,20000000.0,24000000.0,0
132,4,5099.7,2000,2000,4,3000.0,2000,10000000.0,12000000.0,0
132,5,1525.76,4000,4000,40,6000.0,4000,20000000.0,24000000.0,0
132,6,8174.1,4000,4000,5,6000.0,4000,20000000.0,24000000.0,0
132,7,3929.66,2000,2000,6,3000.0,2000,10000000.0,12000000.0,0
133,0,8820.68,8000,8000,10,9600.0,8000,30400000.0,38400000.0,0
133,1,4746.33,2000,2000,5,3000.0,2000,10000000.0,12000000.0,0
133,2,2515.28,4000,4000,24,6000.0,4000,20000000.0,24000000.0,0
133,3,11876.56,4000,4000,4,6000.0,4000,20000000.0,24000000.0,0
133,4,4710.55,2000,2000,5,3000.0,2000,10000000.0,12000000.0,0
133,5,1461.54,4000,4000,42,6000.0,4000,20000000.0,24000000.0,0
133,6,8549.29,4000,4000,5,6000.0,4000,20000000.0,24000000.0,0
133,7,4142.21,2000,2000,5,3000.0,2000,10000000.0,12000000.0,0
134,0,8733.52,8000,8000,10,9600.0,8000,30400000.0,38400000.0,0
134,1,4659.01,2000,2000,5,3000.0,2000,10000000.0,12000000.0,0
134,2,2467.04,4000,4000,25,6000.0,4000,20000000.0,24000000.0,0
134,3,12000.0,4000,4000,4,6000.0,4000,20000000.0,24000000.0,0
134,4,4806.04,2000,2000,5,3000.0,2000,10000000.0,12000000.0,0
134,5,1526.05,4000,4000,40,6000.0,4000,20000000.0,24000000.0,0
134,6,8806.86,4000,4000,5,6000.0,4000,20000000.0,24000000.0,0
134,7,4201.91,2000,2000,5,3000.0,2000,10000000.0,12000000.0,0
135,0,8668.76,8000,8000,10,9600.0,8000,30400000.0,38400000.0,0
135,1,4609.92,2000,2000,5,3000.0,2000,10000000.0,12000000.0,0
135,2,2456.3,4000,4000,25,6000.0,4000,20000000.0,24000000.0,0
135,3,11990.69,4000,4000,4,6000.0,4000,20000000.0,24000000.0,0
135,4,4987.95,2000,2000,5,3000.0,2000,10000000.0,12000000.0,0
135,5,1533.84,4000,4000,40,6000.0,4000,20000000.0,24000000.0,0
135,6,8990.02,4000,4000,5,6000.0,4000,20000000.0,24000000.0,0
135,7,4181.73,2000,2000,5,3000.0,2000,10000000.0,12000000.0,0
136,0,8688.42,8000,8000,10,9600.0,8000,30400000.0,38400000.0,0
136,1,4110.37,2000,2000,5,3000.0,2000,10000000.0,12000000.0,0
136,2,2593.75,4000,4000,24,6000.0,4000,20000000.0,24000000.0,0
136,3,12000.0,4000,4000,4,6000.0,4000,20000000.0,24000000.0,0
136,4,5237.45,2000,2000,4,3000.0,2000,10000000.0,12000000.0,0
136,5,1099.4,2000,2000,28,3000.0,2000,10000000.0,12000000.0,0
136,6,9512.11,8000,8000,9,9600.0,8000,21600000.0,38400000.0,0
136,7,4146.83,2000,2000,5,3000.0,2000,10000000.0,12000000.0,0
137,0,8965.47,8000,8000,9,9600.0,8000,30400000.0,38400000.0,0
137,1,3850.4,2000,2000,6,3000.0,2000,10000000.0,12000000.0,0
137,2,2685.66,4000,4000,23,6000.0,4000,20000000.0,24000000.0,0
137,3,11736.65,4000,4000,4,6000.0,4000,20000000.0,24000000.0,0
137,4,5081.51,2000,2000,4,3000.0,2000,10000000.0,12000000.0,0
137,5,1386.51,2000,2000,22,3000.0,2000,10000000.0,12000000.0,0
137,6,9464.44,8000,8000,9,9600.0,8000,23200000.0,38400000.0,0
137,7,4201.19,2000,2000,5,3000.0,2000,10000000.0,12000000.0,0
138,0,9182.98,8000,8000,9,9600.0,8000,30400000.0,38400000.0,0
138,1,3974.32,2000,2000,6,3000.0,2000,10000000.0,12000000.0,0
138,2,2708.23,4000,4000,23,6000.0,4000,20000000.0,24000000.0,0
138,3,11827.89,4000,4000,4,6000.0,4000,20000000.0,24000000.0,0
138,4,5682.36,2000,2000,4,3000.0,2000,10000000.0,12000000.0,0
138,5,1377.86,2000,2000,22,3000.0,2000,10000000.0,12000000.0,0
138,6,9514.72,8000,8000,9,9600.0,8000,24800000.0,38400000.0,0
138,7,4463.86,2000,2000,5,3000.0,2000,10000000.0,12000000.0,0
139,0,9459.36,8000,8000,9,9600.0,8000,30400000.0,38400000.0,0
139,1,4271.08,2000,2000,5,3000.0,2000,10000000.0,12000000.0,0
139,2,2804.04,4000,4000,22,6000.0,4000,20000000.0,24000000.0,0
139,3,11542.14,4000,4000,4,6000.0,4000,20000000.0,24000000.0,0
139,4,6000.0,2000,2000,4,3000.0,2000,10000000.0,12000000.0,0
139,5,1205.91,2000,2000,25,3000.0,2000,10000000.0,12000000.0,0
139,6,9590.38,8000,8000,9,9600.0,8000,26400000.0,38400000.0,0
139,7,4275.29,2000,2000,5,3000.0,2000,10000000.0,12000000.0,0
140,0,9443.33,8000,8000,9,9600.0,8000,30400000.0,38400000.0,0
140,1,4353.27,2000,2000,5,3000.0,2000,10000000.0,12000000.0,0
140,2,2852.24,4000,4000,22,6000.0,4000,20000000.0,24000000.0,0
140,3,11647.62,4000,4000,4,6000.0,4000,20000000.0,24000000.0,0
140,4,6000.0,2000,2000,4,3000.0,2000,10000000.0,12000000.0,0
140,5,1273.94,2000,2000,24,3000.0,2000,10000000.0,12000000.0,0
140,6,9529.34,8000,8000,9,9600.0,8000,28000000.0,38400000.0,0
140,7,4516.31,4000,4000,9,6000.0,4000,14000000.0,24000000.0,0
141,0,9740.7,8000,8000,9,9600.0,8000,30400000.0,38400000.0,0
141,1,4046.36,4000,4000,10,6000.0,4000,14000000.0,24000000.0,0
141,2,2941.85,4000,4000,21,6000.0,4000,20000000.0,24000000.0,0
141,3,11822.91,4000,4000,4,6000.0,4000,20000000.0,24000000.0,0
141,4,5925.61,4000,4000,7,6000.0,4000,14000000.0,24000000.0,0
141,5,1480.3,2000,2000,21,3000.0,2000,10000000.0,12000000.0,0
141,6,9491.82,8000,8000,9,9600.0,8000,29600000.0,38400000.0,0
141,7,4547.7,4000,4000,9,6000.0,4000,16000000.0,24000000.0,0
142,0,9697.43,8000,8000,9,9600.0,8000,30400000.0,38400000.0,0
142,1,4050.26,4000,4000,10,6000.0,4000,16000000.0,24000000.0,0
142,2,2777.41,4000,4000,22,6000.0,4000,20000000.0,24000000.0,0
142,3,11462.9,8000,8000,7,9600.0,8000,21600000.0,38400000.0,0
142,4,6000.0,4000,4000,7,6000.0,4000,16000000.0,24000000.0,0
142,5,1353.25,2000,2000,23,3000.0,2000,10000000.0,12000000.0,0
142,6,9243.98,8000,8000,9,9600.0,8000,30400000.0,38400000.0,0
142,7,4009.35,4000,4000,10,6000.0,4000,18000000.0,24000000.0,0
143,0,9537.69,8000,8000,9,9600.0,8000,30400000.0,38400000.0,0
143,1,3719.49,4000,4000,17,6000.0,4000,18000000.0,24000000.0,0
143,2,3000.0,2000,2000,7,3000.0,2000,10000000.0,12000000.0,0
143,3,11715.35,8000,8000,7,9600.0,8000,23200000.0,38400000.0,0
143,4,5827.96,4000,4000,7,6000.0,4000,18000000.0,24000000.0,0
143,5,1691.12,2000,2000,18,3000.0,2000,10000000.0,12000000.0,0
143,6,9489.42,8000,8000,9,9600.0,8000,30400000.0,38400000.0,0
143,7,3928.15,4000,4000,16,6000.0,4000,20000000.0,24000000.0,0
144,0,8912.84,8000,8000,9,9600.0,8000,30400000.0,38400000.0,0
144,1,4292.22,4000,4000,10,6000.0,4000,20000000.0,24000000.0,0
144,2,2791.56,2000,2000,8,3000.0,2000,10000000.0,12000000.0,0
144,3,11304.0,8000,8000,8,9600.0,8000,24800000.0,38400000.0,0
144,4,6000.0,4000,4000,7,6000.0,4000,20000000.0,24000000.0,0
144,5,2057.08,2000,2000,10,3000.0,2000,10000000.0,12000000.0,0
144,6,9835.49,8000,8000,9,9600.0,8000,30400000.0,38400000.0,0
144,7,4069.12,4000,4000,10,6000.0,4000,20000000.0,24000000.0,0
145,0,9061.53,8000,8000,9,9600.0,8000,30400000.0,38400000.0,0
145,1,4505.58,4000,4000,9,6000.0,4000,20000000.0,24000000.0,0
145,2,2905.4,2000,2000,7,3000.0,2000,10000000.0,12000000.0,0
145,3,11374.3,8000,8000,8,9600.0,8000,26400000.0,38400000.0,0
145,4,6000.0,4000,4000,7,6000.0,4000,20000000.0,24000000.0,0
145,5,2047.69,2000,2000,10,3000.0,2000,10000000.0,12000000.0,0
145,6,9646.99,8000,8000,9,9600.0,8000,30400000.0,38400000.0,0
145,7,3998.96,4000,4000,16,6000.0,4000,20000000.0,24000000.0,0
146,0,8638.29,8000,8000,10,9600.0,8000,30400000.0,38400000.0,0
146,1,4480.99,4000,4000,9,6000.0,4000,20000000.0,24000000.0,0
146,2,2757.11,2000,2000,8,3000.0,2000,10000000.0,12000000.0,0
146,3,11098.4,8000,8000,8,9600.0,8000,28000000.0,38400000.0,0
146,4,6000.0,4000,4000,7,6000.0,4000,20000000.0,24000000.0,0
146,5,2256.49,4000,4000,27,6000.0,4000,14000000.0,24000000.0,0
146,6,9876.57,8000,8000,9,9600.0,8000,30400000.0,38400000.0,0
146,7,3606.33,4000,4000,17,6000.0,4000,20000000.0,24000000.0,0
147,0,8390.88,8000,8000,10,9600.0,8000,30400000.0,38400000.0,0
147,1,4716.18,4000,4000,9,6000.0,4000,20000000.0,24000000.0,0
147,2,2609.74,2000,2000,8,3000.0,2000,10000000.0,12000000.0,0
147,3,11042.24,8000,8000,8,9600.0,8000,29600000.0,38400000.0,0
147,4,6000.0,4000,4000,7,6000.0,4000,20000000.0,24000000.0,0
147,5,2111.24,4000,4000,29,6000.0,4000,16000000.0,24000000.0,0
147,6,9902.92,8000,8000,9,9600.0,8000,30400000.0,38400000.0,0
147,7,3272.82,4000,4000,19,6000.0,4000,20000000.0,24000000.0,0
148,0,8240.54,8000,8000,10,9600.0,8000,30400000.0,38400000.0,0
148,1,4796.13,4000,4000,9,6000.0,4000,20000000.0,24000000.0,0
148,2,2370.79,2000,2000,9,3000.0,2000,10000000.0,12000000.0,0
148,3,11152.36,8000,8000,8,9600.0,8000,30400000.0,38400000.0,0
148,4,5995.09,4000,4000,7,6000.0,4000,20000000.0,24000000.0,0
148,5,2194.11,4000,4000,28,6000.0,4000,18000000.0,24000000.0,0
148,6,9958.9,8000,8000,9,9600.0,8000,30400000.0,38400000.0,0
148,7,3613.86,4000,4000,17,6000.0,4000,20000000.0,24000000.0,0
149,0,8271.84,8000,8000,10,9600.0,8000,30400000.0,38400000.0,0
149,1,4688.78,4000,4000,9,6000.0,4000,20000000.0,24000000.0,0
149,2,2389.14,2000,2000,9,3000.0,2000,10000000.0,12000000.0,0
149,3,11288.19,8000,8000,8,9600.0,8000,30400000.0,38400000.0,0
149,4,6000.0,4000,4000,7,6000.0,4000,20000000.0,24000000.0,0
149,5,2200.2,4000,4000,28,6000.0,4000,20000000.0,24000000.0,0
149,6,9783.4,8000,8000,9,9600.0,8000,30400000.0,38400000.0,0
149,7,3448.13,4000,4000,18,6000.0,4000,20000000.0,24000000.0,0
150,0,7921.19,8000,8000,16,9600.0,8000,30400000.0,38400000.0,0
150,1,5126.17,4000,4000,8,6000.0,4000,20000000.0,24000000.0,0
150,2,2202.56,2000,2000,10,3000.0,2000,10000000.0,12000000.0,0
150,3,11114.96,8000,8000,8,9600.0,8000,30400000.0,38400000.0,0
150,4,5820.4,4000,4000,7,6000.0,4000,20000000.0,24000000.0,0
150,5,2334.44,4000,4000,26,6000.0,4000,20000000.0,24000000.0,0
150,6,9709.66,8000,8000,9,9600.0,8000,30400000.0,38400000.0,0
150,7,3760.07,4000,4000,16,6000.0,4000,20000000.0,24000000.0,0
151,0,7752.82,8000,8000,16,9600.0,8000,30400000.0,38400000.0,0
151,1,5195.92,4000,4000,8,6000.0,4000,20000000.0,24000000.0,0
151,2,2077.26,2000,2000,10,3000.0,2000,10000000.0,12000000.0,0
151,3,11651.25,8000,8000,7,9600.0,8000,30400000.0,38400000.0,0
151,4,5523.5,4000,4000,8,6000.0,4000,20000000.0,24000000.0,0
151,5,2380.92,4000,4000,26,6000.0,4000,20000000.0,24000000.0,0
151,6,9868.1,8000,8000,9,9600.0,8000,30400000.0,38400000.0,0
151,7,3863.52,4000,4000,16,6000.0,4000,20000000.0,24000000.0,0
152,0,7706.5,8000,8000,16,9600.0,8000,30400000.0,38400000.0,0
152,1,5163.47,4000,4000,8,6000.0,4000,20000000.0,24000000.0,0
152,2,2083.83,2000,2000,10,3000.0,2000,10000000.0,12000000.0,0
152,3,11614.5,8000,8000,7,9600.0,8000,30400000.0,38400000.0,0
152,4,5764.47,4000,4000,7,6000.0,4000,20000000.0,24000000.0,0
152,5,2712.49,4000,4000,23,6000.0,4000,20000000.0,24000000.0,0
152,6,9728.73,8000,8000,9,9600.0,8000,30400000.0,38400000.0,0
152,7,3521.07,4000,4000,18,6000.0,4000,20000000.0,24000000.0,0
153,0,7684.43,8000,8000,16,9600.0,8000,30400000.0,38400000.0,0
153,1,5808.39,4000,4000,7,6000.0,4000,20000000.0,24000000.0,0
153,2,1963.28,2000,2000,16,3000.0,2000,10000000.0,12000000.0,0
153,3,12000.0,8000,8000,7,9600.0,8000,30400000.0,38400000.0,0
153,4,6000.0,4000,4000,7,6000.0,4000,20000000.0,24000000.0,0
153,5,2629.46,4000,4000,23,6000.0,4000,20000000.0,24000000.0,0
153,6,9870.98,4000,4000,5,6000.0,4000,20000000.0,24000000.0,0
153,7,3928.17,4000,4000,16,6000.0,4000,20000000.0,24000000.0,0
154,0,7589.65,8000,8000,16,9600.0,8000,30400000.0,38400000.0,0
154,1,5757.5,4000,4000,7,6000.0,4000,20000000.0,24000000.0,0
154,2,1876.02,2000,2000,16,3000.0,2000,10000000.0,12000000.0,0
154,3,11746.31,8000,8000,7,9600.0,8000,30400000.0,38400000.0,0
154,4,5837.68,4000,4000,7,6000.0,4000,20000000.0,24000000.0,0
154,5,2445.86,4000,4000,25,6000.0,4000,20000000.0,24000000.0,0
154,6,9879.5,4000,4000,5,6000.0,4000,20000000.0,24000000.0,0
154,7,3735.67,4000,4000,17,6000.0,4000,20000000.0,24000000.0,0
155,0,7648.09,8000,8000,16,9600.0,8000,30400000.0,38400000.0,0
155,1,5368.52,4000,4000,8,6000.0,4000,20000000.0,24000000.0,0
155,2,1925.66,2000,2000,16,3000.0,2000,10000000.0,12000000.0,0
155,3,11954.69,8000,8000,7,9600.0,8000,30400000.0,38400000.0,0
155,4,5339.25,4000,4000,8,6000.0,4000,20000000.0,24000000.0,0
155,5,2501.97,4000,4000,24,6000.0,4000,20000000.0,24000000.0,0
155,6,10186.42,4000,4000,4,6000.0,4000,20000000.0,24000000.0,0
155,7,3433.26,2000,2000,6,3000.0,2000,10000000.0,12000000.0,0
156,0,8066.23,8000,8000,10,9600.0,8000,30400000.0,38400000.0,0
156,1,5473.28,4000,4000,8,6000.0,4000,20000000.0,24000000.0,0
156,2,1819.9,4000,4000,33,6000.0,4000,14000000.0,24000000.0,0
156,3,11940.75,8000,8000,7,9600.0,8000,30400000.0,38400000.0,0
156,4,5478.83,8000,8000,22,9600.0,8000,21600000.0,38400000.0,0
156,5,2513.37,2000,2000,8,3000.0,2000,10000000.0,12000000.0,0
156,6,10321.1,4000,4000,4,6000.0,4000,20000000.0,24000000.0,0
156,7,3203.1,2000,2000,7,3000.0,2000,10000000.0,12000000.0,0
157,0,8108.57,8000,8000,10,9600.0,8000,30400000.0,38400000.0,0
157,1,5119.85,4000,4000,8,6000.0,4000,20000000.0,24000000.0,0
157,2,1803.22,4000,4000,34,6000.0,4000,16000000.0,24000000.0,0
157,3,11714.77,8000,8000,7,9600.0,8000,30400000.0,38400000.0,0
157,4,5294.95,8000,8000,23,9600.0,8000,23200000.0,38400000.0,0
157,5,2698.79,2000,2000,8,3000.0,2000,10000000.0,12000000.0,0
157,6,10593.93,4000,4000,4,6000.0,4000,20000000.0,24000000.0,0
157,7,3355.38,2000,2000,6,3000.0,2000,10000000.0,12000000.0,0
158,0,7835.5,8000,8000,16,9600.0,8000,30400000.0,38400000.0,0
158,1,5040.75,4000,4000,8,6000.0,4000,20000000.0,24000000.0,0
158,2,1985.19,4000,4000,31,6000.0,4000,18000000.0,24000000.0,0
158,3,11750.2,4000,4000,4,6000.0,4000,20000000.0,24000000.0,0
158,4,5874.78,8000,8000,21,9600.0,8000,24800000.0,38400000.0,0
158,5,2757.79,2000,2000,8,3000.0,2000,10000000.0,12000000.0,0
158,6,10641.94,4000,4000,4,6000.0,4000,20000000.0,24000000.0,0
158,7,3278.1,2000,2000,7,3000.0,2000,10000000.0,12000000.0,0
159,0,7868.88,8000,8000,16,9600.0,8000,30400000.0,38400000.0,0
159,1,5002.63,4000,4000,8,6000.0,4000,20000000.0,24000000.0,0
159,2,2091.4,4000,4000,29,6000.0,4000,20000000.0,24000000.0,0
159,3,11989.38,4000,4000,4,6000.0,4000,20000000.0,24000000.0,0
159,4,5678.28,8000,8000,22,9600.0,8000,26400000.0,38400000.0,0
159,5,2558.1,2000,2000,8,3000.0,2000,10000000.0,12000000.0,0
159,6,10182.89,4000,4000,4,6000.0,4000,20000000.0,24000000.0,0
159,7,3405.1,2000,2000,6,3000.0,2000,10000000.0,12000000.0,0
160,0,7593.04,8000,8000,16,9600.0,8000,30400000.0,38400000.0,0
160,1,4464.41,4000,4000,9,6000.0,4000,20000000.0,24000000.0,0
160,2,2149.69,4000,4000,28,6000.0,4000,20000000.0,24000000.0,0
160,3,12000.0,4000,4000,4,6000.0,4000,20000000.0,24000000.0,0
160,4,5676.76,8000,8000,22,9600.0,8000,28000000.0,38400000.0,0
160,5,2683.87,2000,2000,8,3000.0,2000,10000000.0,12000000.0,0
160,6,10203.35,4000,4000,4,6000.0,4000,20000000.0,24000000.0,0
160,7,3380.38,2000,2000,6,3000.0,2000,10000000.0,12000000.0,0
161,0,7822.81,8000,8000,16,9600.0,8000,30400000.0,38400000.0,0
161,1,4391.84,4000,4000,10,6000.0,4000,20000000.0,24000000.0,0
161,2,2189.8,4000,4000,28,6000.0,4000,20000000.0,24000000.0,0
161,3,12000.0,4000,4000,4,6000.0,4000,20000000.0,24000000.0,0
161,4,5509.74,8000,8000,22,9600.0,8000,29600000.0,38400000.0,0
161,5,2832.68,2000,2000,8,3000.0,2000,10000000.0,12000000.0,0
161,6,10159.61,4000,4000,4,6000.0,4000,20000000.0,24000000.0,0
161,7,3191.44,2000,2000,7,3000.0,2000,10000000.0,12000000.0,0
162,0,7956.94,8000,8000,16,9600.0,8000,30400000.0,38400000.0,0
162,1,4167.22,4000,4000,10,6000.0,4000,20000000.0,24000000.0,0
162,2,2194.02,4000,4000,28,6000.0,4000,20000000.0,24000000.0,0
162,3,11997.72,4000,4000,4,6000.0,4000,20000000.0,24000000.0,0
162,4,5781.21,8000,8000,21,9600.0,8000,30400000.0,38400000.0,0
162,5,2903.88,2000,2000,7,3000.0,2000,10000000.0,12000000.0,0
162,6,10153.35,4000,4000,4,6000.0,4000,20000000.0,24000000.0,0
162,7,3395.88,2000,2000,6,3000.0,2000,10000000.0,12000000.0,0
163,0,8304.49,8000,8000,10,9600.0,8000,30400000.0,38400000.0,0
163,1,4306.67,4000,4000,10,6000.0,4000,20000000.0,24000000.0,0
163,2,2195.58,4000,4000,28,6000.0,4000,20000000.0,24000000.0,0
163,3,11669.76,4000,4000,4,6000.0,4000,20000000.0,24000000.0,0
163,4,5514.94,8000,8000,22,9600.0,8000,30400000.0,38400000.0,0
163,5,2858.1,2000,2000,7,3000.0,2000,10000000.0,12000000.0,0
163,6,10000.98,8000,8000,8,9600.0,8000,21600000.0,38400000.0,0
163,7,3349.14,2000,2000,6,3000.0,2000,10000000.0,12000000.0,0
164,0,8318.65,8000,8000,10,9600.0,8000,30400000.0,38400000.0,0
164,1,4439.1,4000,4000,10,6000.0,4000,20000000.0,24000000.0,0
164,2,2185.0,4000,4000,28,6000.0,4000,20000000.0,24000000.0,0
164,3,11791.39,4000,4000,4,6000.0,4000,20000000.0,24000000.0,0
164,4,5531.05,8000,8000,22,9600.0,8000,30400000.0,38400000.0,0
164,5,2561.78,2000,2000,8,3000.0,2000,10000000.0,12000000.0,0
164,6,9766.14,8000,8000,9,9600.0,8000,23200000.0,38400000.0,0
164,7,3313.12,2000,2000,7,3000.0,2000,10000000.0,12000000.0,0
165,0,8016.23,8000,8000,10,9600.0,8000,30400000.0,38400000.0,0
165,1,4589.08,4000,4000,9,6000.0,4000,20000000.0,24000000.0,0
165,2,2414.61,4000,4000,25,6000.0,4000,20000000.0,24000000.0,0
165,3,12000.0,4000,4000,4,6000.0,4000,20000000.0,24000000.0,0
165,4,5477.69,8000,8000,22,9600.0,8000,30400000.0,38400000.0,0
165,5,2785.39,2000,2000,8,3000.0,2000,10000000.0,12000000.0,0
165,6,9803.31,8000,8000,9,9600.0,8000,24800000.0,38400000.0,0
165,7,3228.85,2000,2000,7,3000.0,2000,10000000.0,12000000.0,0
166,0,7862.88,8000,8000,16,9600.0,8000,30400000.0,38400000.0,0
166,1,4513.46,4000,4000,9,6000.0,4000,20000000.0,24000000.0,0
166,2,2356.39,4000,4000,26,6000.0,4000,20000000.0,24000000.0,0
166,3,12000.0,4000,4000,4,6000.0,4000,20000000.0,24000000.0,0
166,4,5517.84,4000,4000,8,6000.0,4000,20000000.0,24000000.0,0
166,5,2785.85,4000,4000,22,6000.0,4000,14000000.0,24000000.0,0
166,6,9912.54,8000,8000,9,9600.0,8000,26400000.0,38400000.0,0
166,7,3526.51,2000,2000,6,3000.0,2000,10000000.0,12000000.0,0
167,0,8100.27,8000,8000,10,9600.0,8000,30400000.0,38400000.0,0
167,1,4142.24,4000,4000,10,6000.0,4000,20000000.0,24000000.0,0
167,2,1973.3,2000,2000,16,3000.0,2000,10000000.0,12000000.0,0
167,3,12000.0,4000,4000,4,6000.0,4000,20000000.0,24000000.0,0
167,4,5176.12,4000,4000,8,6000.0,4000,20000000.0,24000000.0,0
167,5,2752.13,4000,4000,22,6000.0,4000,16000000.0,24000000.0,0
167,6,9620.02,8000,8000,9,9600.0,8000,28000000.0,38400000.0,0
167,7,3076.01,4000,4000,20,6000.0,4000,14000000.0,24000000.0,0
168,0,8235.63,8000,8000,10,9600.0,8000,30400000.0,38400000.0,0
168,1,4332.03,4000,4000,10,6000.0,4000,20000000.0,24000000.0,0
168,2,1886.82,2000,2000,16,3000.0,2000,10000000.0,12000000.0,0
168,3,11352.24,4000,4000,4,6000.0,4000,20000000.0,24000000.0,0
168,4,5039.56,4000,4000,8,6000.0,4000,20000000.0,24000000.0,0
168,5,2810.9,4000,4000,22,6000.0,4000,18000000.0,24000000.0,0
168,6,9250.29,8000,8000,9,9600.0,8000,29600000.0,38400000.0,0
168,7,3121.85,4000,4000,20,6000.0,4000,16000000.0,24000000.0,0
169,0,8231.8,8000,8000,10,9600.0,8000,30400000.0,38400000.0,0
169,1,4476.85,4000,4000,9,6000.0,4000,20000000.0,24000000.0,0
169,2,1904.76,2000,2000,16,3000.0,2000,10000000.0,12000000.0,0
169,3,11108.97,4000,4000,4,6000.0,4000,20000000.0,24000000.0,0
169,4,5338.7,4000,4000,8,6000.0,4000,20000000.0,24000000.0,0
169,5,2787.12,4000,4000,22,6000.0,4000,20000000.0,24000000.0,0
169,6,9243.46,8000,8000,9,9600.0,8000,30400000.0,38400000.0,0
169,7,2888.53,4000,4000,21,6000.0,4000,18000000.0,24000000.0,0
170,0,8120.98,8000,8000,10,9600.0,8000,30400000.0,38400000.0,0
170,1,4255.65,2000,2000,5,3000.0,2000,10000000.0,12000000.0,0
170,2,1878.82,2000,2000,16,3000.0,2000,10000000.0,12000000.0,0
170,3,11536.9,4000,4000,4,6000.0,4000,20000000.0,24000000.0,0
170,4,4995.72,4000,4000,9,6000.0,4000,20000000.0,24000000.0,0
170,5,2545.09,4000,4000,24,6000.0,4000,20000000.0,24000000.0,0
170,6,9611.25,8000,8000,9,9600.0,8000,30400000.0,38400000.0,0
170,7,2836.2,4000,4000,22,6000.0,4000,20000000.0,24000000.0,0
171,0,7953.71,4000,4000,6,6000.0,4000,20000000.0,24000000.0,0
171,1,4515.63,2000,2000,5,3000.0,2000,10000000.0,12000000.0,0
171,2,1787.98,2000,2000,17,3000.0,2000,10000000.0,12000000.0,0
171,3,11993.4,8000,8000,7,9600.0,8000,21600000.0,38400000.0,0
171,4,5165.21,4000,4000,8,6000.0,4000,20000000.0,24000000.0,0
171,5,2471.9,4000,4000,25,6000.0,4000,20000000.0,24000000.0,0
171,6,10150.58,8000,8000,8,9600.0,8000,30400000.0,38400000.0,0
171,7,2684.78,4000,4000,23,6000.0,4000,20000000.0,24000000.0,0
172,0,8139.24,4000,4000,5,6000.0,4000,20000000.0,24000000.0,0
172,1,4590.45,2000,2000,5,3000.0,2000,10000000.0,12000000.0,0
172,2,1983.24,2000,2000,16,3000.0,2000,10000000.0,12000000.0,0
172,3,12000.0,8000,8000,7,9600.0,8000,23200000.0,38400000.0,0
172,4,5173.21,4000,4000,8,6000.0,4000,20000000.0,24000000.0,0
172,5,2358.89,4000,4000,26,6000.0,4000,20000000.0,24000000.0,0
172,6,10265.57,8000,8000,8,9600.0,8000,30400000.0,38400000.0,0
172,7,2515.35,4000,4000,24,6000.0,4000,20000000.0,24000000.0,0
173,0,8642.59,4000,4000,5,6000.0,4000,20000000.0,24000000.0,0
173,1,4624.58,2000,2000,5,3000.0,2000,10000000.0,12000000.0,0
173,2,1928.44,2000,2000,16,3000.0,2000,10000000.0,12000000.0,0
173,3,12000.0,8000,8000,7,9600.0,8000,24800000.0,38400000.0,0
173,4,4836.43,4000,4000,9,6000.0,4000,20000000.0,24000000.0,0
173,5,2213.15,4000,4000,28,6000.0,4000,20000000.0,24000000.0,0
173,6,10565.68,4000,4000,4,6000.0,4000,20000000.0,24000000.0,0
173,7,2351.12,4000,4000,26,6000.0,4000,20000000.0,24000000.0,0
174,0,8380.86,4000,4000,5,6000.0,4000,20000000.0,24000000.0,0
174,1,4758.75,2000,2000,5,3000.0,2000,10000000.0,12000000.0,0
174,2,2106.3,2000,2000,10,3000.0,2000,10000000.0,12000000.0,0
174,3,12000.0,8000,8000,7,9600.0,8000,26400000.0,38400000.0,0
174,4,5085.44,4000,4000,8,6000.0,4000,20000000.0,24000000.0,0
174,5,2099.63,4000,4000,29,6000.0,4000,20000000.0,24000000.0,0
174,6,10210.22,4000,4000,4,6000.0,4000,20000000.0,24000000.0,0
174,7,2726.46,4000,4000,23,6000.0,4000,20000000.0,24000000.0,0
175,0,8300.19,4000,4000,5,6000.0,4000,20000000.0,24000000.0,0
175,1,4696.04,2000,2000,5,3000.0,2000,10000000.0,12000000.0,0
175,2,2305.52,2000,2000,9,3000.0,2000,10000000.0,12000000.0,0
175,3,12000.0,8000,8000,7,9600.0,8000,28000000.0,38400000.0,0
175,4,5199.41,4000,4000,8,6000.0,4000,20000000.0,24000000.0,0
175,5,2424.38,4000,4000,25,6000.0,4000,20000000.0,24000000.0,0
175,6,10049.35,4000,4000,4,6000.0,4000,20000000.0,24000000.0,0
175,7,2958.42,4000,4000,21,6000.0,4000,20000000.0,24000000.0,0
176,0,8314.44,4000,4000,5,6000.0,4000,20000000.0,24000000.0,0
176,1,4763.19,2000,2000,5,3000.0,2000,10000000.0,12000000.0,0
176,2,2534.79,2000,2000,8,3000.0,2000,10000000.0,12000000.0,0
176,3,12000.0,8000,8000,7,9600.0,8000,29600000.0,38400000.0,0
176,4,5333.98,8000,8000,23,9600.0,8000,21600000.0,38400000.0,0
176,5,2585.25,4000,4000,24,6000.0,4000,20000000.0,24000000.0,0
176,6,9958.11,4000,4000,5,6000.0,4000,20000000.0,24000000.0,0
176,7,2748.61,4000,4000,22,6000.0,4000,20000000.0,24000000.0,0
177,0,8053.24,4000,4000,5,6000.0,4000,20000000.0,24000000.0,0
177,1,4271.6,2000,2000,5,3000.0,2000,10000000.0,12000000.0,0
177,2,2843.23,4000,4000,22,6000.0,4000,14000000.0,24000000.0,0
177,3,11724.2,8000,8000,7,9600.0,8000,30400000.0,38400000.0,0
177,4,5278.67,8000,8000,23,9600.0,8000,23200000.0,38400000.0,0
177,5,2543.73,4000,4000,24,6000.0,4000,20000000.0,24000000.0,0
177,6,10034.96,4000,4000,4,6000.0,4000,20000000.0,24000000.0,0
177,7,2952.55,2000,2000,7,3000.0,2000,10000000.0,12000000.0,0
178,0,8268.36,4000,4000,5,6000.0,4000,20000000.0,24000000.0,0
178,1,4125.83,2000,2000,5,3000.0,2000,10000000.0,12000000.0,0
178,2,2818.16,4000,4000,22,6000.0,4000,16000000.0,24000000.0,0
178,3,11794.84,8000,8000,7,9600.0,8000,30400000.0,38400000.0,0
178,4,5216.5,8000,8000,24,9600.0,8000,24800000.0,38400000.0,0
178,5,2784.83,4000,4000,22,6000.0,4000,20000000.0,24000000.0,0
178,6,10157.7,4000,4000,4,6000.0,4000,20000000.0,24000000.0,0
178,7,3136.27,2000,2000,7,3000.0,2000,10000000.0,12000000.0,0
179,0,8434.08,4000,4000,5,6000.0,4000,20000000.0,24000000.0,0
179,1,4419.2,2000,2000,5,3000.0,2000,10000000.0,12000000.0,0
179,2,2845.31,4000,4000,22,6000.0,4000,18000000.0,24000000.0,0
179,3,11470.63,8000,8000,7,9600.0,8000,30400000.0,38400000.0,0
179,4,5316.42,8000,8000,23,9600.0,8000,26400000.0,38400000.0,0
179,5,2687.13,4000,4000,23,6000.0,4000,20000000.0,24000000.0,0
179,6,10025.55,4000,4000,4,6000.0,4000,20000000.0,24000000.0,0
179,7,3282.86,2000,2000,7,3000.0,2000,10000000.0,12000000.0,0
180,0,8743.65,4000,4000,5,6000.0,4000,20000000.0,24000000.0,0
180,1,4424.51,4000,4000,10,6000.0,4000,14000000.0,24000000.0,0
180,2,2891.64,4000,4000,21,6000.0,4000,20000000.0,24000000.0,0
180,3,11896.19,8000,8000,7,9600.0,8000,30400000.0,38400000.0,0
180,4,5376.61,8000,8000,23,9600.0,8000,28000000.0,38400000.0,0
180,5,3000.0,4000,4000,20,6000.0,4000,20000000.0,24000000.0,0
180,6,10166.93,4000,4000,4,6000.0,4000,20000000.0,24000000.0,0
180,7,2842.67,2000,2000,8,3000.0,2000,10000000.0,12000000.0,0
181,0,8931.98,8000,8000,9,9600.0,8000,21600000.0,38400000.0,0
181,1,4519.8,4000,4000,9,6000.0,4000,16000000.0,24000000.0,0
181,2,3000.0,4000,4000,20,6000.0,4000,20000000.0,24000000.0,0
181,3,12000.0,8000,8000,7,9600.0,8000,30400000.0,38400000.0,0
181,4,5341.99,8000,8000,23,9600.0,8000,29600000.0,38400000.0,0
181,5,2816.36,2000,2000,8,3000.0,2000,10000000.0,12000000.0,0
181,6,10114.67,4000,4000,4,6000.0,4000,20000000.0,24000000.0,0
181,7,2630.04,2000,2000,8,3000.0,2000,10000000.0,12000000.0,0
182,0,8786.85,8000,8000,10,9600.0,8000,23200000.0,38400000.0,0
182,1,4666.95,4000,4000,9,6000.0,4000,18000000.0,24000000.0,0
182,2,3000.0,4000,4000,20,6000.0,4000,20000000.0,24000000.0,0
182,3,12000.0,8000,8000,7,9600.0,8000,30400000.0,38400000.0,0
182,4,5043.02,8000,8000,24,9600.0,8000,30400000.0,38400000.0,0
182,5,2883.05,2000,2000,7,3000.0,2000,10000000.0,12000000.0,0
182,6,10413.83,4000,4000,4,6000.0,4000,20000000.0,24000000.0,0
182,7,2477.59,2000,2000,9,3000.0,2000,10000000.0,12000000.0,0
183,0,8753.35,8000,8000,10,9600.0,8000,24800000.0,38400000.0,0
183,1,4670.62,4000,4000,9,6000.0,4000,20000000.0,24000000.0,0
183,2,2882.27,4000,4000,21,6000.0,4000,20000000.0,24000000.0,0
183,3,12000.0,8000,8000,7,9600.0,8000,30400000.0,38400000.0,0
183,4,5012.79,8000,8000,24,9600.0,8000,30400000.0,38400000.0,0
183,5,2945.98,2000,2000,7,3000.0,2000,10000000.0,12000000.0,0
183,6,10191.95,8000,8000,8,9600.0,8000,21600000.0,38400000.0,0
183,7,2368.23,2000,2000,9,3000.0,2000,10000000.0,12000000.0,0
184,0,8933.94,8000,8000,9,9600.0,8000,26400000.0,38400000.0,0
184,1,4577.41,4000,4000,9,6000.0,4000,20000000.0,24000000.0,0
184,2,3000.0,4000,4000,20,6000.0,4000,20000000.0,24000000.0,0
184,3,11900.09,8000,8000,7,9600.0,8000,30400000.0,38400000.0,0
184,4,5068.96,8000,8000,24,9600.0,8000,30400000.0,38400000.0,0
184,5,3000.0,2000,2000,7,3000.0,2000,10000000.0,12000000.0,0
184,6,9837.36,8000,8000,9,9600.0,8000,23200000.0,38400000.0,0
184,7,2000.0,2000,2000,10,3000.0,2000,10000000.0,12000000.0,0
185,0,8552.53,8000,8000,10,9600.0,8000,28000000.0,38400000.0,0
185,1,4893.06,4000,4000,9,6000.0,4000,20000000.0,24000000.0,0
185,2,2917.22,4000,4000,21,6000.0,4000,20000000.0,24000000.0,0
185,3,12000.0,8000,8000,7,9600.0,8000,30400000.0,38400000.0,0
185,4,4927.89,8000,8000,25,9600.0,8000,30400000.0,38400000.0,0
185,5,3000.0,2000,2000,7,3000.0,2000,10000000.0,12000000.0,0
185,6,10222.89,8000,8000,8,9600.0,8000,24800000.0,38400000.0,0
185,7,2501.52,2000,2000,8,3000.0,2000,10000000.0,12000000.0,0
186,0,9067.91,8000,8000,9,9600.0,8000,29600000.0,38400000.0,0
186,1,5195.15,4000,4000,8,6000.0,4000,20000000.0,24000000.0,0
186,2,3000.0,4000,4000,20,6000.0,4000,20000000.0,24000000.0,0
186,3,12000.0,8000,8000,7,9600.0,8000,30400000.0,38400000.0,0
186,4,5122.48,8000,8000,24,9600.0,8000,30400000.0,38400000.0,0
186,5,2917.32,2000,2000,7,3000.0,2000,10000000.0,12000000.0,0
186,6,10018.34,8000,8000,8,9600.0,8000,26400000.0,38400000.0,0
186,7,2500.68,2000,2000,8,3000.0,2000,10000000.0,12000000.0,0
187,0,9025.36,8000,8000,9,9600.0,8000,30400000.0,38400000.0,0
187,1,5081.84,4000,4000,8,6000.0,4000,20000000.0,24000000.0,0
187,2,3000.0,2000,2000,7,3000.0,2000,10000000.0,12000000.0,0
187,3,12000.0,8000,8000,7,9600.0,8000,30400000.0,38400000.0,0
187,4,5144.59,8000,8000,24,9600.0,8000,30400000.0,38400000.0,0
187,5,3000.0,2000,2000,7,3000.0,2000,10000000.0,12000000.0,0
187,6,9732.92,8000,8000,9,9600.0,8000,28000000.0,38400000.0,0
187,7,2452.26,4000,4000,25,6000.0,4000,14000000.0,24000000.0,0
188,0,8846.15,8000,8000,10,9600.0,8000,30400000.0,38400000.0,0
188,1,4615.21,4000,4000,9,6000.0,4000,20000000.0,24000000.0,0
188,2,2987.6,2000,2000,7,3000.0,2000,10000000.0,12000000.0,0
188,3,11969.56,8000,8000,7,9600.0,8000,30400000.0,38400000.0,0
188,4,5522.95,8000,8000,22,9600.0,8000,30400000.0,38400000.0,0
188,5,3000.0,2000,2000,7,3000.0,2000,10000000.0,12000000.0,0
188,6,9476.87,8000,8000,9,9600.0,8000,29600000.0,38400000.0,0
188,7,2915.79,4000,4000,21,6000.0,4000,16000000.0,24000000.0,0
189,0,9151.41,8000,8000,9,9600.0,8000,30400000.0,38400000.0,0
189,1,4760.73,4000,4000,9,6000.0,4000,20000000.0,24000000.0,0
189,2,2953.63,2000,2000,7,3000.0,2000,10000000.0,12000000.0,0
189,3,11729.7,8000,8000,7,9600.0,8000,30400000.0,38400000.0,0
189,4,5429.9,8000,8000,23,9600.0,8000,30400000.0,38400000.0,0
189,5,3000.0,2000,2000,7,3000.0,2000,10000000.0,12000000.0,0
189,6,9948.02,8000,8000,9,9600.0,8000,30400000.0,38400000.0,0
189,7,3301.6,4000,4000,19,6000.0,4000,18000000.0,24000000.0,0
190,0,9029.2,8000,8000,9,9600.0,8000,30400000.0,38400000.0,0
190,1,4480.83,4000,4000,9,6000.0,4000,20000000.0,24000000.0,0
190,2,2974.76,2000,2000,7,3000.0,2000,10000000.0,12000000.0,0
190,3,11287.59,8000,8000,8,9600.0,8000,30400000.0,38400000.0,0
190,4,5510.69,8000,8000,22,9600.0,8000,30400000.0,38400000.0,0
190,5,2977.86,2000,2000,7,3000.0,2000,10000000.0,12000000.0,0
190,6,9831.51,8000,8000,9,9600.0,8000,30400000.0,38400000.0,0
190,7,2902.92,4000,4000,21,6000.0,4000,20000000.0,24000000.0,0
191,0,9157.6,8000,8000,9,9600.0,8000,30400000.0,38400000.0,0
191,1,4347.65,4000,4000,10,6000.0,4000,20000000.0,24000000.0,0
191,2,2799.27,2000,2000,8,3000.0,2000,10000000.0,12000000.0,0
191,3,10569.53,8000,8000,8,9600.0,8000,30400000.0,38400000.0,0
191,4,5503.81,4000,4000,8,6000.0,4000,20000000.0,24000000.0,0
191,5,3000.0,4000,4000,20,6000.0,4000,14000000.0,24000000.0,0
191,6,10246.82,8000,8000,8,9600.0,8000,30400000.0,38400000.0,0
191,7,2788.65,4000,4000,22,6000.0,4000,20000000.0,24000000.0,0
192,0,9007.05,8000,8000,9,9600.0,8000,30400000.0,38400000.0,0
192,1,4464.85,4000,4000,9,6000.0,4000,20000000.0,24000000.0,0
192,2,2649.51,2000,2000,8,3000.0,2000,10000000.0,12000000.0,0
192,3,10644.98,8000,8000,8,9600.0,8000,30400000.0,38400000.0,0
192,4,5695.33,4000,4000,8,6000.0,4000,20000000.0,24000000.0,0
192,5,3000.0,4000,4000,20,6000.0,4000,16000000.0,24000000.0,0
192,6,10221.79,8000,8000,8,9600.0,8000,30400000.0,38400000.0,0
192,7,2737.73,4000,4000,22,6000.0,4000,20000000.0,24000000.0,0
193,0,8787.55,8000,8000,10,9600.0,8000,30400000.0,38400000.0,0
193,1,4258.13,4000,4000,10,6000.0,4000,20000000.0,24000000.0,0
193,2,2615.54,2000,2000,8,3000.0,2000,10000000.0,12000000.0,0
193,3,10736.82,8000,8000,8,9600.0,8000,30400000.0,38400000.0,0
193,4,5923.73,4000,4000,7,6000.0,4000,20000000.0,24000000.0,0
193,5,2879.52,4000,4000,21,6000.0,4000,18000000.0,24000000.0,0
193,6,10594.96,8000,8000,8,9600.0,8000,30400000.0,38400000.0,0
193,7,2669.95,4000,4000,23,6000.0,4000,20000000.0,24000000.0,0
194,0,8782.21,8000,8000,10,9600.0,8000,30400000.0,38400000.0,0
194,1,4071.32,4000,4000,10,6000.0,4000,20000000.0,24000000.0,0
194,2,2251.91,2000,2000,9,3000.0,2000,10000000.0,12000000.0,0
194,3,10957.83,8000,8000,8,9600.0,8000,30400000.0,38400000.0,0
194,4,6000.0,4000,4000,7,6000.0,4000,20000000.0,24000000.0,0
194,5,2837.32,4000,4000,22,6000.0,4000,20000000.0,24000000.0,0
194,6,10611.71,8000,8000,8,9600.0,8000,30400000.0,38400000.0,0
194,7,2798.93,4000,4000,22,6000.0,4000,20000000.0,24000000.0,0
195,0,8391.57,8000,8000,10,9600.0,8000,30400000.0,38400000.0,0
195,1,3939.06,4000,4000,16,6000.0,4000,20000000.0,24000000.0,0
195,2,2371.04,2000,2000,9,3000.0,2000,10000000.0,12000000.0,0
195,3,10644.26,8000,8000,8,9600.0,8000,30400000.0,38400000.0,0
195,4,6000.0,4000,4000,7,6000.0,4000,20000000.0,24000000.0,0
195,5,2633.84,4000,4000,23,6000.0,4000,20000000.0,24000000.0,0
195,6,10728.31,4000,4000,4,6000.0,4000,20000000.0,24000000.0,0
195,7,2790.02,4000,4000,22,6000.0,4000,20000000.0,24000000.0,0
196,0,7987.79,8000,8000,16,9600.0,8000,30400000.0,38400000.0,0
196,1,4230.24,4000,4000,10,6000.0,4000,20000000.0,24000000.0,0
196,2,2260.86,2000,2000,9,3000.0,2000,10000000.0,12000000.0,0
196,3,10441.69,8000,8000,8,9600.0,8000,30400000.0,38400000.0,0
196,4,6000.0,4000,4000,7,6000.0,4000,20000000.0,24000000.0,0
196,5,2806.13,4000,4000,22,6000.0,4000,20000000.0,24000000.0,0
196,6,10474.36,4000,4000,4,6000.0,4000,20000000.0,24000000.0,0
196,7,2805.44,4000,4000,22,6000.0,4000,20000000.0,24000000.0,0
197,0,8094.99,8000,8000,10,9600.0,8000,30400000.0,38400000.0,0
197,1,4403.52,4000,4000,10,6000.0,4000,20000000.0,24000000.0,0
197,2,2287.32,4000,4000,27,6000.0,4000,14000000.0,24000000.0,0
197,3,10349.94,8000,8000,8,9600.0,8000,30400000.0,38400000.0,0
197,4,5793.1,4000,4000,7,6000.0,4000,20000000.0,24000000.0,0
197,5,2819.05,4000,4000,22,6000.0,4000,20000000.0,24000000.0,0
197,6,10206.32,4000,4000,4,6000.0,4000,20000000.0,24000000.0,0
197,7,2075.11,2000,2000,10,3000.0,2000,10000000.0,12000000.0,0
198,0,8204.13,8000,8000,10,9600.0,8000,30400000.0,38400000.0,0
198,1,4629.5,4000,4000,9,6000.0,4000,20000000.0,24000000.0,0
198,2,1932.88,4000,4000,32,6000.0,4000,16000000.0,24000000.0,0
198,3,10097.5,8000,8000,8,9600.0,8000,30400000.0,38400000.0,0
198,4,5947.89,4000,4000,7,6000.0,4000,20000000.0,24000000.0,0
198,5,3000.0,4000,4000,20,6000.0,4000,20000000.0,24000000.0,0
198,6,10211.52,4000,4000,4,6000.0,4000,20000000.0,24000000.0,0
198,7,2000.0,2000,2000,10,3000.0,2000,10000000.0,12000000.0,0
199,0,8158.41,8000,8000,10,9600.0,8000,30400000.0,38400000.0,0
199,1,4973.22,4000,4000,9,6000.0,4000,20000000.0,24000000.0,0
199,2,1835.99,4000,4000,33,6000.0,4000,18000000.0,24000000.0,0
199,3,9897.71,4000,4000,5,6000.0,4000,20000000.0,24000000.0,0
199,4,5827.21,4000,4000,7,6000.0,4000,20000000.0,24000000.0,0
199,5,2857.0,4000,4000,22,6000.0,4000,20000000.0,24000000.0,0
199,6,10242.19,4000,4000,4,6000.0,4000,20000000.0,24000000.0,0
199,7,2406.17,2000,2000,9,3000.0,2000,10000000.0,12000000.0,0
200,0,8239.18,8000,8000,10,9600.0,8000,30400000.0,38400000.0,0
200,1,4910.14,4000,4000,9,6000.0,4000,20000000.0,24000000.0,0
200,2,1792.22,4000,4000,34,6000.0,4000,20000000.0,24000000.0,0
200,3,9506.91,4000,4000,5,6000.0,4000,20000000.0,24000000.0,0
200,4,6000.0,4000,4000,7,6000.0,4000,20000000.0,24000000.0,0
200,5,2845.33,4000,4000,22,6000.0,4000,20000000.0,24000000.0,0
200,6,10197.07,4000,4000,4,6000.0,4000,20000000.0,24000000.0,0
200,7,3204.45,2000,2000,7,3000.0,2000,10000000.0,12000000.0,0
201,0,8313.87,8000,8000,10,9600.0,8000,30400000.0,38400000.0,0
201,1,4722.19,4000,4000,9,6000.0,4000,20000000.0,24000000.0,0
201,2,1728.26,4000,4000,35,6000.0,4000,20000000.0,24000000.0,0
201,3,9794.02,4000,4000,5,6000.0,4000,20000000.0,24000000.0,0
201,4,6000.0,4000,4000,7,6000.0,4000,20000000.0,24000000.0,0
201,5,2629.58,4000,4000,23,6000.0,4000,20000000.0,24000000.0,0
201,6,10426.88,4000,4000,4,6000.0,4000,20000000.0,24000000.0,0
201,7,3037.41,2000,2000,7,3000.0,2000,10000000.0,12000000.0,0
202,0,8782.19,8000,8000,10,9600.0,8000,30400000.0,38400000.0,0
202,1,4992.2,4000,4000,9,6000.0,4000,20000000.0,24000000.0,0
202,2,1661.16,4000,4000,37,6000.0,4000,20000000.0,24000000.0,0
202,3,10114.27,4000,4000,4,6000.0,4000,20000000.0,24000000.0,0
202,4,6000.0,8000,8000,20,9600.0,8000,21600000.0,38400000.0,0
202,5,2757.5,2000,2000,8,3000.0,2000,10000000.0,12000000.0,0
202,6,10548.06,4000,4000,4,6000.0,4000,20000000.0,24000000.0,0
202,7,2825.82,2000,2000,8,3000.0,2000,10000000.0,12000000.0,0
203,0,8621.31,8000,8000,10,9600.0,8000,30400000.0,38400000.0,0
203,1,5249.69,2000,2000,4,3000.0,2000,10000000.0,12000000.0,0
203,2,1610.95,4000,4000,38,6000.0,4000,20000000.0,24000000.0,0
203,3,10013.36,4000,4000,4,6000.0,4000,20000000.0,24000000.0,0
203,4,5761.22,8000,8000,21,9600.0,8000,23200000.0,38400000.0,0
203,5,2821.04,2000,2000,8,3000.0,2000,10000000.0,12000000.0,0
203,6,11063.69,4000,4000,4,6000.0,4000,20000000.0,24000000.0,0
203,7,2558.94,2000,2000,8,3000.0,2000,10000000.0,12000000.0,0
204,0,8627.36,8000,8000,10,9600.0,8000,30400000.0,38400000.0,0
204,1,5602.74,2000,2000,4,3000.0,2000,10000000.0,12000000.0,0
204,2,1599.0,4000,4000,38,6000.0,4000,20000000.0,24000000.0,0
204,3,10126.45,4000,4000,4,6000.0,4000,20000000.0,24000000.0,0
204,4,5495.62,8000,8000,22,9600.0,8000,24800000.0,38400000.0,0
204,5,2885.29,2000,2000,7,3000.0,2000,10000000.0,12000000.0,0
204,6,11016.9,4000,4000,4,6000.0,4000,20000000.0,24000000.0,0
204,7,2805.37,2000,2000,8,3000.0,2000,10000000.0,12000000.0,0
205,0,8924.21,8000,8000,9,9600.0,8000,30400000.0,38400000.0,0
205,1,6000.0,2000,2000,4,3000.0,2000,10000000.0,12000000.0,0
205,2,1685.95,4000,4000,36,6000.0,4000,20000000.0,24000000.0,0
205,3,10207.9,4000,4000,4,6000.0,4000,20000000.0,24000000.0,0
205,4,5544.22,8000,8000,22,9600.0,8000,26400000.0,38400000.0,0
205,5,2832.31,2000,2000,8,3000.0,2000,10000000.0,12000000.0,0
205,6,11101.53,8000,8000,8,9600.0,8000,21600000.0,38400000.0,0
205,7,2731.52,2000,2000,8,3000.0,2000,10000000.0,12000000.0,0
206,0,8966.32,4000,4000,5,6000.0,4000,20000000.0,24000000.0,0
206,1,6000.0,2000,2000,4,3000.0,2000,10000000.0,12000000.0,0
206,2,1534.97,4000,4000,40,6000.0,4000,20000000.0,24000000.0,0
206,3,10492.87,4000,4000,4,6000.0,4000,20000000.0,24000000.0,0
206,4,5873.5,8000,8000,21,9600.0,8000,28000000.0,38400000.0,0
206,5,2814.6,2000,2000,8,3000.0,2000,10000000.0,12000000.0,0
206,6,10571.06,8000,8000,8,9600.0,8000,23200000.0,38400000.0,0
206,7,2579.56,2000,2000,8,3000.0,2000,10000000.0,12000000.0,0
207,0,9290.57,4000,4000,5,6000.0,4000,20000000.0,24000000.0,0
207,1,5994.28,2000,2000,4,3000.0,2000,10000000.0,12000000.0,0
207,2,1385.07,2000,2000,22,3000.0,2000,10000000.0,12000000.0,0
207,3,10366.68,4000,4000,4,6000.0,4000,20000000.0,24000000.0,0
207,4,6000.0,8000,8000,20,9600.0,8000,29600000.0,38400000.0,0
207,5,2896.61,2000,2000,7,3000.0,2000,10000000.0,12000000.0,0
207,6,10511.33,8000,8000,8,9600.0,8000,24800000.0,38400000.0,0
207,7,2487.86,4000,4000,25,6000.0,4000,14000000.0,24000000.0,0
208,0,9192.63,4000,4000,5,6000.0,4000,20000000.0,24000000.0,0
208,1,5763.68,2000,2000,4,3000.0,2000,10000000.0,12000000.0,0
208,2,1627.38,2000,2000,19,3000.0,2000,10000000.0,12000000.0,0
208,3,10286.1,4000,4000,4,6000.0,4000,20000000.0,24000000.0,0
208,4,6000.0,8000,8000,20,9600.0,8000,30400000.0,38400000.0,0
208,5,3000.0,2000,2000,7,3000.0,2000,10000000.0,12000000.0,0
208,6,10760.91,8000,8000,8,9600.0,8000,26400000.0,38400000.0,0
208,7,2379.95,4000,4000,26,6000.0,4000,16000000.0,24000000.0,0
209,0,9293.56,4000,4000,5,6000.0,4000,20000000.0,24000000.0,0
209,1,5757.63,2000,2000,4,3000.0,2000,10000000.0,12000000.0,0
209,2,1491.82,2000,2000,21,3000.0,2000,10000000.0,12000000.0,0
209,3,10367.19,8000,8000,8,9600.0,8000,21600000.0,38400000.0,0
209,4,5705.24,8000,8000,22,9600.0,8000,30400000.0,38400000.0,0
209,5,3000.0,2000,2000,7,3000.0,2000,10000000.0,12000000.0,0
209,6,10644.75,8000,8000,8,9600.0,8000,28000000.0,38400000.0,0
209,7,2430.24,4000,4000,25,6000.0,4000,18000000.0,24000000.0,0
210,0,9364.39,4000,4000,5,6000.0,4000,20000000.0,24000000.0,0
210,1,5692.91,2000,2000,4,3000.0,2000,10000000.0,12000000.0,0
210,2,1579.82,2000,2000,19,3000.0,2000,10000000.0,12000000.0,0
210,3,10248.46,8000,8000,8,9600.0,8000,23200000.0,38400000.0,0
210,4,5923.06,8000,8000,21,9600.0,8000,30400000.0,38400000.0,0
210,5,2798.1,2000,2000,8,3000.0,2000,10000000.0,12000000.0,0
210,6,10676.35,8000,8000,8,9600.0,8000,29600000.0,38400000.0,0
210,7,2914.98,4000,4000,21,6000.0,4000,20000000.0,24000000.0,0
211,0,9114.3,4000,4000,5,6000.0,4000,20000000.0,24000000.0,0
211,1,5523.47,2000,2000,4,3000.0,2000,10000000.0,12000000.0,0
211,2,1656.91,2000,2000,19,3000.0,2000,10000000.0,12000000.0,0
211,3,10293.36,8000,8000,8,9600.0,8000,24800000.0,38400000.0,0
211,4,6000.0,8000,8000,20,9600.0,8000,30400000.0,38400000.0,0
211,5,2871.48,2000,2000,7,3000.0,2000,10000000.0,12000000.0,0
211,6,10835.03,8000,8000,8,9600.0,8000,30400000.0,38400000.0,0
211,7,3192.4,4000,4000,19,6000.0,4000,20000000.0,24000000.0,0
212,0,9216.76,4000,4000,5,6000.0,4000,20000000.0,24000000.0,0
212,1,5463.15,2000,2000,4,3000.0,2000,10000000.0,12000000.0,0
212,2,1757.8,2000,2000,18,3000.0,2000,10000000.0,12000000.0,0
212,3,10768.33,8000,8000,8,9600.0,8000,26400000.0,38400000.0,0
212,4,5966.84,4000,4000,7,6000.0,4000,20000000.0,24000000.0,0
212,5,2725.3,4000,4000,23,6000.0,4000,14000000.0,24000000.0,0
212,6,11111.8,8000,8000,8,9600.0,8000,30400000.0,38400000.0,0
212,7,3162.31,4000,4000,19,6000.0,4000,20000000.0,24000000.0,0
213,0,8673.59,4000,4000,5,6000.0,4000,20000000.0,24000000.0,0
213,1,5675.01,4000,4000,8,6000.0,4000,14000000.0,24000000.0,0
213,2,1677.5,2000,2000,18,3000.0,2000,10000000.0,12000000.0,0
213,3,10745.7,8000,8000,8,9600.0,8000,28000000.0,38400000.0,0
213,4,6000.0,4000,4000,7,6000.0,4000,20000000.0,24000000.0,0
213,5,2753.88,4000,4000,22,6000.0,4000,16000000.0,24000000.0,0
213,6,11289.16,8000,8000,8,9600.0,8000,30400000.0,38400000.0,0
213,7,3053.43,4000,4000,20,6000.0,4000,20000000.0,24000000.0,0
214,0,8801.87,4000,4000,5,6000.0,4000,20000000.0,24000000.0,0
214,1,5610.12,4000,4000,8,6000.0,4000,16000000.0,24000000.0,0
214,2,1788.32,2000,2000,17,3000.0,2000,10000000.0,12000000.0,0
214,3,10899.54,8000,8000,8,9600.0,8000,29600000.0,38400000.0,0
214,4,5766.14,4000,4000,7,6000.0,4000,20000000.0,24000000.0,0
214,5,2916.77,4000,4000,21,6000.0,4000,18000000.0,24000000.0,0
214,6,11155.17,8000,8000,8,9600.0,8000,30400000.0,38400000.0,0
214,7,3255.45,4000,4000,19,6000.0,4000,20000000.0,24000000.0,0
215,0,8893.69,4000,4000,5,6000.0,4000,20000000.0,24000000.0,0
215,1,6000.0,4000,4000,7,6000.0,4000,18000000.0,24000000.0,0
215,2,1754.8,2000,2000,18,3000.0,2000,10000000.0,12000000.0,0
215,3,10812.21,8000,8000,8,9600.0,8000,30400000.0,38400000.0,0
215,4,5761.29,4000,4000,7,6000.0,4000,20000000.0,24000000.0,0
215,5,2871.3,4000,4000,21,6000.0,4000,20000000.0,24000000.0,0
215,6,11355.16,8000,8000,8,9600.0,8000,30400000.0,38400000.0,0
215,7,2851.37,4000,4000,22,6000.0,4000,20000000.0,24000000.0,0
216,0,8630.27,8000,8000,10,9600.0,8000,21600000.0,38400000.0,0
216,1,5733.05,4000,4000,7,6000.0,4000,20000000.0,24000000.0,0
216,2,1897.35,2000,2000,16,3000.0,2000,10000000.0,12000000.0,0
216,3,11239.86,8000,8000,8,9600.0,8000,30400000.0,38400000.0,0
216,4,5735.17,4000,4000,7,6000.0,4000,20000000.0,24000000.0,0
216,5,2845.97,4000,4000,22,6000.0,4000,20000000.0,24000000.0,0
216,6,11372.67,8000,8000,8,9600.0,8000,30400000.0,38400000.0,0
216,7,3141.84,4000,4000,20,6000.0,4000,20000000.0,24000000.0,0
217,0,8398.43,8000,8000,10,9600.0,8000,23200000.0,38400000.0,0
217,1,5792.64,4000,4000,7,6000.0,4000,20000000.0,24000000.0,0
217,2,2043.63,2000,2000,10,3000.0,2000,10000000.0,12000000.0,0
217,3,11365.14,8000,8000,8,9600.0,8000,30400000.0,38400000.0,0
217,4,5782.57,4000,4000,7,6000.0,4000,20000000.0,24000000.0,0
217,5,2996.13,4000,4000,21,6000.0,4000,20000000.0,24000000.0,0
217,6,10696.86,8000,8000,8,9600.0,8000,30400000.0,38400000.0,0
217,7,3311.31,4000,4000,19,6000.0,4000,20000000.0,24000000.0,0
218,0,8234.91,8000,8000,10,9600.0,8000,24800000.0,38400000.0,0
218,1,5334.98,4000,4000,8,6000.0,4000,20000000.0,24000000.0,0
218,2,2120.31,2000,2000,10,3000.0,2000,10000000.0,12000000.0,0
218,3,11708.55,8000,8000,7,9600.0,8000,30400000.0,38400000.0,0
218,4,5748.21,4000,4000,7,6000.0,4000,20000000.0,24000000.0,0
218,5,3000.0,4000,4000,20,6000.0,4000,20000000.0,24000000.0,0
218,6,11099.93,4000,4000,4,6000.0,4000,20000000.0,24000000.0,0
218,7,3640.04,8000,8000,33,9600.0,8000,21600000.0,38400000.0,0
219,0,8644.9,8000,8000,10,9600.0,8000,26400000.0,38400000.0,0
219,1,5520.52,4000,4000,8,6000.0,4000,20000000.0,24000000.0,0
219,2,2131.62,2000,2000,10,3000.0,2000,10000000.0,12000000.0,0
219,3,11308.06,4000,4000,4,6000.0,4000,20000000.0,24000000.0,0
219,4,5686.69,4000,4000,8,6000.0,4000,20000000.0,24000000.0,0
219,5,2873.51,4000,4000,21,6000.0,4000,20000000.0,24000000.0,0
219,6,11642.67,4000,4000,4,6000.0,4000,20000000.0,24000000.0,0
219,7,3596.07,8000,8000,34,9600.0,8000,23200000.0,38400000.0,0
220,0,8675.7,8000,8000,10,9600.0,8000,28000000.0,38400000.0,0
220,1,5658.39,4000,4000,8,6000.0,4000,20000000.0,24000000.0,0
220,2,2138.16,1000,1000,5,1500.0,1000,5000000.0,6000000.0,0
220,3,11731.82,4000,4000,4,6000.0,4000,20000000.0,24000000.0,0
220,4,5531.03,4000,4000,8,6000.0,4000,20000000.0,24000000.0,0
220,5,2902.7,4000,4000,21,6000.0,4000,20000000.0,24000000.0,0
220,6,11457.05,4000,4000,4,6000.0,4000,20000000.0,24000000.0,0
220,7,3266.06,8000,8000,37,9600.0,8000,24800000.0,38400000.0,0
221,0,8522.76,8000,8000,10,9600.0,8000,29600000.0,38400000.0,0
221,1,5649.13,4000,4000,8,6000.0,4000,20000000.0,24000000.0,0
221,2,2073.77,1000,1000,5,1500.0,1000,5000000.0,6000000.0,0
221,3,11558.72,4000,4000,4,6000.0,4000,20000000.0,24000000.0,0
221,4,5179.45,4000,4000,8,6000.0,4000,20000000.0,24000000.0,0
221,5,2890.24,4000,4000,21,6000.0,4000,20000000.0,24000000.0,0
221,6,11080.87,4000,4000,4,6000.0,4000,20000000.0,24000000.0,0
221,7,3456.07,8000,8000,35,9600.0,8000,26400000.0,38400000.0,0
222,0,8543.37,8000,8000,10,9600.0,8000,30400000.0,38400000.0,0
222,1,5284.74,4000,4000,8,6000.0,4000,20000000.0,24000000.0,0
222,2,2027.38,1000,1000,5,1500.0,1000,5000000.0,6000000.0,0
222,3,11370.68,4000,4000,4,6000.0,4000,20000000.0,24000000.0,0
222,4,5259.24,8000,8000,23,9600.0,8000,21600000.0,38400000.0,0
222,5,3000.0,2000,2000,7,3000.0,2000,10000000.0,12000000.0,0
222,6,10612.07,4000,4000,4,6000.0,4000,20000000.0,24000000.0,0
222,7,3484.83,8000,8000,35,9600.0,8000,28000000.0,38400000.0,0
223,0,8503.34,8000,8000,10,9600.0,8000,30400000.0,38400000.0,0
223,1,5452.57,4000,4000,8,6000.0,4000,20000000.0,24000000.0,0
223,2,2059.36,1000,1000,5,1500.0,1000,5000000.0,6000000.0,0
223,3,11182.68,4000,4000,4,6000.0,4000,20000000.0,24000000.0,0
223,4,5179.48,8000,8000,24,9600.0,8000,23200000.0,38400000.0,0
223,5,2880.6,2000,2000,7,3000.0,2000,10000000.0,12000000.0,0
223,6,10881.08,4000,4000,4,6000.0,4000,20000000.0,24000000.0,0
223,7,3490.16,8000,8000,35,9600.0,8000,29600000.0,38400000.0,0
224,0,8978.63,8000,8000,9,9600.0,8000,30400000.0,38400000.0,0
224,1,5437.41,4000,4000,8,6000.0,4000,20000000.0,24000000.0,0
224,2,1953.1,1000,1000,6,1500.0,1000,5000000.0,6000000.0,0
224,3,10804.26,4000,4000,4,6000.0,4000,20000000.0,24000000.0,0
224,4,4728.69,8000,8000,26,9600.0,8000,24800000.0,38400000.0,0
224,5,2642.98,2000,2000,8,3000.0,2000,10000000.0,12000000.0,0
224,6,10947.86,4000,4000,4,6000.0,4000,20000000.0,24000000.0,0
224,7,3617.34,8000,8000,34,9600.0,8000,30400000.0,38400000.0,0
225,0,8583.34,8000,8000,10,9600.0,8000,30400000.0,38400000.0,0
225,1,5661.17,4000,4000,8,6000.0,4000,20000000.0,24000000.0,0
225,2,1880.64,1000,1000,6,1500.0,1000,5000000.0,6000000.0,0
225,3,10840.95,4000,4000,4,6000.0,4000,20000000.0,24000000.0,0
225,4,5131.75,8000,8000,24,9600.0,8000,26400000.0,38400000.0,0
225,5,2777.5,2000,2000,8,3000.0,2000,10000000.0,12000000.0,0
225,6,10880.73,4000,4000,4,6000.0,4000,20000000.0,24000000.0,0
225,7,3394.54,8000,8000,36,9600.0,8000,30400000.0,38400000.0,0
226,0,8045.38,8000,8000,10,9600.0,8000,30400000.0,38400000.0,0
226,1,5481.38,2000,2000,4,3000.0,2000,10000000.0,12000000.0,0
226,2,1848.97,1000,1000,6,1500.0,1000,5000000.0,6000000.0,0
226,3,10594.16,4000,4000,4,6000.0,4000,20000000.0,24000000.0,0
226,4,5098.94,8000,8000,24,9600.0,8000,28000000.0,38400000.0,0
226,5,2789.03,2000,2000,8,3000.0,2000,10000000.0,12000000.0,0
226,6,10824.51,4000,4000,4,6000.0,4000,20000000.0,24000000.0,0
226,7,3232.04,8000,8000,38,9600.0,8000,30400000.0,38400000.0,0
227,0,8087.55,8000,8000,10,9600.0,8000,30400000.0,38400000.0,0
227,1,5591.87,2000,2000,4,3000.0,2000,10000000.0,12000000.0,0
227,2,1685.41,1000,1000,6,1500.0,1000,5000000.0,6000000.0,0
227,3,10946.89,4000,4000,4,6000.0,4000,20000000.0,24000000.0,0
227,4,5074.29,8000,8000,24,9600.0,8000,29600000.0,38400000.0,0
227,5,2791.86,2000,2000,8,3000.0,2000,10000000.0,12000000.0,0
227,6,11001.56,4000,4000,4,6000.0,4000,20000000.0,24000000.0,0
227,7,3290.35,8000,8000,37,9600.0,8000,30400000.0,38400000.0,0
228,0,8325.83,8000,8000,10,9600.0,8000,30400000.0,38400000.0,0
228,1,5663.65,2000,2000,4,3000.0,2000,10000000.0,12000000.0,0
228,2,1593.55,1000,1000,7,1500.0,1000,5000000.0,6000000.0,0
228,3,11037.27,4000,4000,4,6000.0,4000,20000000.0,24000000.0,0
228,4,4788.36,8000,8000,26,9600.0,8000,30400000.0,38400000.0,0
228,5,2808.14,2000,2000,8,3000.0,2000,10000000.0,12000000.0,0
228,6,10993.26,8000,8000,8,9600.0,8000,21600000.0,38400000.0,0
228,7,3238.32,4000,4000,19,6000.0,4000,20000000.0,24000000.0,0
229,0,8293.7,8000,8000,10,9600.0,8000,30400000.0,38400000.0,0
229,1,5193.18,2000,2000,4,3000.0,2000,10000000.0,12000000.0,0
229,2,1511.24,1000,1000,7,1500.0,1000,5000000.0,6000000.0,0
229,3,11060.48,8000,8000,8,9600.0,8000,21600000.0,38400000.0,0
229,4,4828.32,8000,8000,25,9600.0,8000,30400000.0,38400000.0,0
229,5,2653.99,2000,2000,8,3000.0,2000,10000000.0,12000000.0,0
229,6,11309.68,8000,8000,8,9600.0,8000,23200000.0,38400000.0,0
229,7,3021.77,4000,4000,20,6000.0,4000,20000000.0,24000000.0,0
230,0,8536.06,8000,8000,10,9600.0,8000,30400000.0,38400000.0,0
230,1,5299.98,2000,2000,4,3000.0,2000,10000000.0,12000000.0,0
230,2,1414.31,1000,1000,8,1500.0,1000,5000000.0,6000000.0,0
230,3,11504.31,8000,8000,7,9600.0,8000,23200000.0,38400000.0,0
230,4,4529.91,8000,8000,27,9600.0,8000,30400000.0,38400000.0,0
230,5,2791.86,2000,2000,8,3000.0,2000,10000000.0,12000000.0,0
230,6,11559.83,8000,8000,7,9600.0,8000,24800000.0,38400000.0,0
230,7,2854.12,4000,4000,22,6000.0,4000,20000000.0,24000000.0,0
231,0,8884.18,8000,8000,10,9600.0,8000,30400000.0,38400000.0,0
231,1,5237.47,2000,2000,4,3000.0,2000,10000000.0,12000000.0,0
231,2,1457.61,1000,1000,7,1500.0,1000,5000000.0,6000000.0,0
231,3,11569.39,8000,8000,7,9600.0,8000,24800000.0,38400000.0,0
231,4,4496.33,8000,8000,27,9600.0,8000,30400000.0,38400000.0,0
231,5,2913.48,2000,2000,7,3000.0,2000,10000000.0,12000000.0,0
231,6,11758.2,8000,8000,7,9600.0,8000,26400000.0,38400000.0,0
231,7,2416.98,4000,4000,25,6000.0,4000,20000000.0,24000000.0,0
232,0,9210.26,8000,8000,9,9600.0,8000,30400000.0,38400000.0,0
232,1,4821.85,2000,2000,5,3000.0,2000,10000000.0,12000000.0,0
232,2,1612.49,2000,2000,19,3000.0,2000,7000000.0,12000000.0,0
232,3,11851.06,8000,8000,7,9600.0,8000,26400000.0,38400000.0,0
232,4,4223.59,4000,4000,10,6000.0,4000,20000000.0,24000000.0,0
232,5,2851.86,2000,2000,8,3000.0,2000,10000000.0,12000000.0,0
232,6,11481.78,8000,8000,7,9600.0,8000,28000000.0,38400000.0,0
232,7,2363.25,4000,4000,26,6000.0,4000,20000000.0,24000000.0,0
233,0,9133.25,8000,8000,9,9600.0,8000,30400000.0,38400000.0,0
233,1,5016.76,2000,2000,4,3000.0,2000,10000000.0,12000000.0,0
233,2,1809.04,2000,2000,17,3000.0,2000,8000000.0,12000000.0,0
233,3,12000.0,8000,8000,7,9600.0,8000,28000000.0,38400000.0,0
233,4,4083.05,4000,4000,10,6000.0,4000,20000000.0,24000000.0,0
233,5,2820.48,2000,2000,8,3000.0,2000,10000000.0,12000000.0,0
233,6,11060.92,8000,8000,8,9600.0,8000,29600000.0,38400000.0,0
233,7,2161.79,4000,4000,28,6000.0,4000,20000000.0,24000000.0,0
234,0,9374.47,8000,8000,9,9600.0,8000,30400000.0,38400000.0,0
234,1,5420.66,2000,2000,4,3000.0,2000,10000000.0,12000000.0,0
234,2,1623.89,2000,2000,19,3000.0,2000,9000000.0,12000000.0,0
234,3,11851.88,8000,8000,7,9600.0,8000,29600000.0,38400000.0,0
234,4,4076.45,4000,4000,10,6000.0,4000,20000000.0,24000000.0,0
234,5,2862.5,2000,2000,7,3000.0,2000,10000000.0,12000000.0,0
234,6,10858.52,8000,8000,8,9600.0,8000,30400000.0,38400000.0,0
234,7,2267.8,4000,4000,27,6000.0,4000,20000000.0,24000000.0,0
235,0,9256.01,8000,8000,9,9600.0,8000,30400000.0,38400000.0,0
235,1,5417.05,2000,2000,4,3000.0,2000,10000000.0,12000000.0,0
235,2,1705.83,2000,2000,18,3000.0,2000,10000000.0,12000000.0,0
235,3,11853.49,8000,8000,7,9600.0,8000,30400000.0,38400000.0,0
235,4,3967.35,4000,4000,16,6000.0,4000,20000000.0,24000000.0,0
235,5,2846.06,2000,2000,8,3000.0,2000,10000000.0,12000000.0,0
235,6,10836.42,8000,8000,8,9600.0,8000,30400000.0,38400000.0,0
235,7,2175.3,4000,4000,28,6000.0,4000,20000000.0,24000000.0,0
236,0,9191.31,8000,8000,9,9600.0,8000,30400000.0,38400000.0,0
236,1,5816.71,4000,4000,7,6000.0,4000,14000000.0,24000000.0,0
236,2,1789.97,2000,2000,17,3000.0,2000,10000000.0,12000000.0,0
236,3,11779.62,8000,8000,7,9600.0,8000,30400000.0,38400000.0,0
236,4,4141.59,4000,4000,10,6000.0,4000,20000000.0,24000000.0,0
236,5,2795.99,2000,2000,8,3000.0,2000,10000000.0,12000000.0,0
236,6,11129.71,8000,8000,8,9600.0,8000,30400000.0,38400000.0,0
236,7,2267.71,4000,4000,27,6000.0,4000,20000000.0,24000000.0,0
237,0,9164.48,8000,8000,9,9600.0,8000,30400000.0,38400000.0,0
237,1,5928.64,4000,4000,7,6000.0,4000,16000000.0,24000000.0,0
237,2,1554.34,2000,2000,20,3000.0,2000,10000000.0,12000000.0,0
237,3,11497.93,8000,8000,7,9600.0,8000,30400000.0,38400000.0,0
237,4,3843.11,4000,4000,16,6000.0,4000,20000000.0,24000000.0,0
237,5,2817.43,2000,2000,8,3000.0,2000,10000000.0,12000000.0,0
237,6,11562.83,8000,8000,7,9600.0,8000,30400000.0,38400000.0,0
237,7,2825.53,4000,4000,22,6000.0,4000,20000000.0,24000000.0,0
238,0,9324.0,8000,8000,9,9600.0,8000,30400000.0,38400000.0,0
238,1,6000.0,4000,4000,7,6000.0,4000,18000000.0,24000000.0,0
238,2,1284.18,2000,2000,24,3000.0,2000,10000000.0,12000000.0,0
238,3,11362.26,8000,8000,8,9600.0,8000,30400000.0,38400000.0,0
238,4,3646.16,4000,4000,17,6000.0,4000,20000000.0,24000000.0,0
238,5,2724.3,4000,4000,23,6000.0,4000,14000000.0,24000000.0,0
238,6,11520.8,4000,4000,4,6000.0,4000,20000000.0,24000000.0,0
238,7,2707.51,2000,2000,8,3000.0,2000,10000000.0,12000000.0,0
239,0,8829.17,8000,8000,10,9600.0,8000,30400000.0,38400000.0,0
239,1,6000.0,4000,4000,7,6000.0,4000,20000000.0,24000000.0,0
239,2,1123.27,2000,2000,27,3000.0,2000,10000000.0,12000000.0,0
239,3,11422.07,8000,8000,8,9600.0,8000,30400000.0,38400000.0,0
239,4,4164.68,4000,4000,10,6000.0,4000,20000000.0,24000000.0,0
239,5,2586.39,4000,4000,24,6000.0,4000,16000000.0,24000000.0,0
239,6,10888.23,4000,4000,4,6000.0,4000,20000000.0,24000000.0,0
239,7,2636.01,2000,2000,8,3000.0,2000,10000000.0,12000000.0,0
240,0,9104.41,8000,8000,9,9600.0,8000,30400000.0,38400000.0,0
240,1,6000.0,4000,4000,7,6000.0,4000,20000000.0,24000000.0,0
240,2,1000.0,2000,2000,30,3000.0,2000,10000000.0,12000000.0,0
240,3,11546.25,8000,8000,7,9600.0,8000,30400000.0,38400000.0,0
240,4,4048.36,4000,4000,10,6000.0,4000,20000000.0,24000000.0,0
240,5,2570.5,4000,4000,24,6000.0,4000,18000000.0,24000000.0,0
240,6,11549.31,4000,4000,4,6000.0,4000,20000000.0,24000000.0,0
240,7,2260.27,2000,2000,9,3000.0,2000,10000000.0,12000000.0,0
241,0,9167.85,8000,8000,9,9600.0,8000,30400000.0,38400000.0,0
241,1,6000.0,4000,4000,7,6000.0,4000,20000000.0,24000000.0,0
241,2,1162.87,2000,2000,26,3000.0,2000,10000000.0,12000000.0,0
241,3,11570.74,8000,8000,7,9600.0,8000,30400000.0,38400000.0,0
241,4,4125.37,4000,4000,10,6000.0,4000,20000000.0,24000000.0,0
241,5,2511.76,4000,4000,24,6000.0,4000,20000000.0,24000000.0,0
241,6,11616.59,4000,4000,4,6000.0,4000,20000000.0,24000000.0,0
241,7,2174.47,2000,2000,10,3000.0,2000,10000000.0,12000000.0,0
242,0,9323.24,8000,8000,9,9600.0,8000,30400000.0,38400000.0,0
242,1,5907.6,4000,4000,7,6000.0,4000,20000000.0,24000000.0,0
242,2,1219.43,2000,2000,25,3000.0,2000,10000000.0,12000000.0,0
242,3,11563.43,8000,8000,7,9600.0,8000,30400000.0,38400000.0,0
242,4,4406.88,4000,4000,10,6000.0,4000,20000000.0,24000000.0,0
242,5,2504.05,4000,4000,24,6000.0,4000,20000000.0,24000000.0,0
242,6,11173.34,4000,4000,4,6000.0,4000,20000000.0,24000000.0,0
242,7,2489.95,2000,2000,9,3000.0,2000,10000000.0,12000000.0,0
243,0,9096.8,8000,8000,9,9600.0,8000,30400000.0,38400000.0,0
243,1,5744.16,4000,4000,7,6000.0,4000,20000000.0,24000000.0,0
243,2,1130.08,2000,2000,27,3000.0,2000,10000000.0,12000000.0,0
243,3,11907.04,8000,8000,7,9600.0,8000,30400000.0,38400000.0,0
243,4,3872.96,4000,4000,16,6000.0,4000,20000000.0,24000000.0,0
243,5,2974.71,4000,4000,21,6000.0,4000,20000000.0,24000000.0,0
243,6,11437.35,4000,4000,4,6000.0,4000,20000000.0,24000000.0,0
243,7,2545.76,2000,2000,8,3000.0,2000,10000000.0,12000000.0,0
244,0,9083.08,8000,8000,9,9600.0,8000,30400000.0,38400000.0,0
244,1,5815.54,4000,4000,7,6000.0,4000,20000000.0,24000000.0,0
244,2,1208.25,2000,2000,25,3000.0,2000,10000000.0,12000000.0,0
244,3,12000.0,8000,8000,7,9600.0,8000,30400000.0,38400000.0,0
244,4,4011.87,4000,4000,10,6000.0,4000,20000000.0,24000000.0,0
244,5,2988.15,4000,4000,21,6000.0,4000,20000000.0,24000000.0,0
244,6,11388.02,4000,4000,4,6000.0,4000,20000000.0,24000000.0,0
244,7,2507.94,2000,2000,8,3000.0,2000,10000000.0,12000000.0,0
245,0,9034.35,8000,8000,9,9600.0,8000,30400000.0,38400000.0,0
245,1,6000.0,4000,4000,7,6000.0,4000,20000000.0,24000000.0,0
245,2,1297.29,2000,2000,24,3000.0,2000,10000000.0,12000000.0,0
245,3,11264.9,8000,8000,8,9600.0,8000,30400000.0,38400000.0,0
245,4,4175.84,4000,4000,10,6000.0,4000,20000000.0,24000000.0,0
245,5,3000.0,4000,4000,20,6000.0,4000,20000000.0,24000000.0,0
245,6,11383.34,4000,4000,4,6000.0,4000,20000000.0,24000000.0,0
245,7,2410.81,2000,2000,9,3000.0,2000,10000000.0,12000000.0,0
246,0,9315.38,8000,8000,9,9600.0,8000,30400000.0,38400000.0,0
246,1,6000.0,4000,4000,7,6000.0,4000,20000000.0,24000000.0,0
246,2,1181.35,2000,2000,26,3000.0,2000,10000000.0,12000000.0,0
246,3,11366.67,8000,8000,8,9600.0,8000,30400000.0,38400000.0,0
246,4,3932.93,4000,4000,16,6000.0,4000,20000000.0,24000000.0,0
246,5,2793.06,4000,4000,22,6000.0,4000,20000000.0,24000000.0,0
246,6,11226.66,4000,4000,4,6000.0,4000,20000000.0,24000000.0,0
246,7,2626.41,2000,2000,8,3000.0,2000,10000000.0,12000000.0,0
247,0,9553.66,8000,8000,9,9600.0,8000,30400000.0,38400000.0,0
247,1,6000.0,4000,4000,7,6000.0,4000,20000000.0,24000000.0,0
247,2,1290.12,2000,2000,24,3000.0,2000,10000000.0,12000000.0,0
247,3,11495.71,8000,8000,7,9600.0,8000,30400000.0,38400000.0,0
247,4,3772.56,4000,4000,16,6000.0,4000,20000000.0,24000000.0,0
247,5,2857.85,4000,4000,21,6000.0,4000,20000000.0,24000000.0,0
247,6,11426.76,4000,4000,4,6000.0,4000,20000000.0,24000000.0,0
247,7,2814.98,2000,2000,8,3000.0,2000,10000000.0,12000000.0,0
248,0,9850.89,8000,8000,9,9600.0,8000,30400000.0,38400000.0,0
248,1,6000.0,8000,8000,20,9600.0,8000,21600000.0,38400000.0,0
248,2,1342.84,1000,1000,8,1500.0,1000,5000000.0,6000000.0,0
248,3,11763.25,8000,8000,7,9600.0,8000,30400000.0,38400000.0,0
248,4,3765.93,4000,4000,16,6000.0,4000,20000000.0,24000000.0,0
248,5,2725.56,4000,4000,23,6000.0,4000,20000000.0,24000000.0,0
248,6,11385.99,8000,8000,8,9600.0,8000,21600000.0,38400000.0,0
248,7,2628.76,2000,2000,8,3000.0,2000,10000000.0,12000000.0,0
249,0,9682.1,8000,8000,9,9600.0,8000,30400000.0,38400000.0,0
249,1,5963.87,8000,8000,21,9600.0,8000,23200000.0,38400000.0,0
249,2,1223.97,1000,1000,9,1500.0,1000,5000000.0,6000000.0,0
249,3,11686.26,8000,8000,7,9600.0,8000,30400000.0,38400000.0,0
249,4,3292.52,4000,4000,19,6000.0,4000,20000000.0,24000000.0,0
249,5,2757.56,4000,4000,22,6000.0,4000,20000000.0,24000000.0,0
249,6,11386.3,8000,8000,8,9600.0,8000,23200000.0,38400000.0,0
249,7,2424.49,1000,1000,5,1500.0,1000,5000000.0,6000000.0,0
250,0,9846.91,8000,8000,9,9600.0,8000,30400000.0,38400000.0,0
250,1,6000.0,8000,8000,20,9600.0,8000,24800000.0,38400000.0,0
250,2,1000.0,1000,1000,10,1500.0,1000,5000000.0,6000000.0,0
250,3,11495.58,8000,8000,7,9600.0,8000,30400000.0,38400000.0,0
250,4,3100.24,4000,4000,20,6000.0,4000,20000000.0,24000000.0,0
250,5,2616.57,2000,2000,8,3000.0,2000,10000000.0,12000000.0,0
250,6,11593.67,8000,8000,7,9600.0,8000,24800000.0,38400000.0,0
250,7,2376.03,1000,1000,5,1500.0,1000,5000000.0,6000000.0,0
251,0,9780.78,8000,8000,9,9600.0,8000,30400000.0,38400000.0,0
251,1,5499.03,8000,8000,22,9600.0,8000,26400000.0,38400000.0,0
251,2,1095.31,1000,1000,10,1500.0,1000,5000000.0,6000000.0,0
251,3,11185.76,8000,8000,8,9600.0,8000,30400000.0,38400000.0,0
251,4,3115.22,4000,4000,20,6000.0,4000,20000000.0,24000000.0,0
251,5,2658.18,2000,2000,8,3000.0,2000,10000000.0,12000000.0,0
251,6,11933.83,8000,8000,7,9600.0,8000,26400000.0,38400000.0,0
251,7,2048.82,1000,1000,5,1500.0,1000,5000000.0,6000000.0,0
252,0,9025.9,8000,8000,9,9600.0,8000,30400000.0,38400000.0,0
252,1,5545.0,8000,8000,22,9600.0,8000,28000000.0,38400000.0,0
252,2,1365.39,1000,1000,8,1500.0,1000,5000000.0,6000000.0,0
252,3,11495.5,8000,8000,7,9600.0,8000,30400000.0,38400000.0,0
252,4,3167.63,4000,4000,19,6000.0,4000,20000000.0,24000000.0,0
252,5,2584.43,2000,2000,8,3000.0,2000,10000000.0,12000000.0,0
252,6,12000.0,8000,8000,7,9600.0,8000,28000000.0,38400000.0,0
252,7,2000.0,1000,1000,5,1500.0,1000,5000000.0,6000000.0,0
253,0,9144.99,8000,8000,9,9600.0,8000,30400000.0,38400000.0,0
253,1,5671.36,8000,8000,22,9600.0,8000,29600000.0,38400000.0,0
253,2,1524.42,1000,1000,7,1500.0,1000,5000000.0,6000000.0,0
253,3,12000.0,8000,8000,7,9600.0,8000,30400000.0,38400000.0,0
253,4,3265.74,4000,4000,19,6000.0,4000,20000000.0,24000000.0,0
253,5,2508.09,2000,2000,8,3000.0,2000,10000000.0,12000000.0,0
253,6,11993.61,8000,8000,7,9600.0,8000,29600000.0,38400000.0,0
253,7,2000.0,1000,1000,5,1500.0,1000,5000000.0,6000000.0,0
254,0,8971.31,8000,8000,9,9600.0,8000,30400000.0,38400000.0,0
254,1,5569.04,8000,8000,22,9600.0,8000,30400000.0,38400000.0,0
254,2,1445.81,1000,1000,7,1500.0,1000,5000000.0,6000000.0,0
254,3,12000.0,8000,8000,7,9600.0,8000,30400000.0,38400000.0,0
254,4,3060.13,4000,4000,20,6000.0,4000,20000000.0,24000000.0,0
254,5,2676.24,2000,2000,8,3000.0,2000,10000000.0,12000000.0,0
254,6,11993.66,8000,8000,7,9600.0,8000,30400000.0,38400000.0,0
254,7,2000.0,1000,1000,5,1500.0,1000,5000000.0,6000000.0,0
255,0,8889.34,8000,8000,9,9600.0,8000,30400000.0,38400000.0,0
255,1,5607.84,8000,8000,22,9600.0,8000,30400000.0,38400000.0,0
255,2,1569.57,1000,1000,7,1500.0,1000,5000000.0,6000000.0,0
255,3,11783.22,8000,8000,7,9600.0,8000,30400000.0,38400000.0,0
255,4,2895.6,4000,4000,21,6000.0,4000,20000000.0,24000000.0,0
255,5,2630.69,2000,2000,8,3000.0,2000,10000000.0,12000000.0,0
255,6,11657.19,8000,8000,7,9600.0,8000,30400000.0,38400000.0,0
255,7,2000.0,1000,1000,5,1500.0,1000,5000000.0,6000000.0,0
256,0,8770.28,8000,8000,10,9600.0,8000,30400000.0,38400000.0,0
256,1,5826.44,8000,8000,21,9600.0,8000,30400000.0,38400000.0,0
256,2,1608.96,1000,1000,7,1500.0,1000,5000000.0,6000000.0,0
256,3,11831.61,8000,8000,7,9600.0,8000,30400000.0,38400000.0,0
256,4,3108.33,4000,4000,20,6000.0,4000,20000000.0,24000000.0,0
256,5,2610.08,2000,2000,8,3000.0,2000,10000000.0,12000000.0,0
256,6,11754.81,8000,8000,7,9600.0,8000,30400000.0,38400000.0,0
256,7,2000.0,1000,1000,5,1500.0,1000,5000000.0,6000000.0,0
257,0,8836.63,8000,8000,10,9600.0,8000,30400000.0,38400000.0,0
257,1,5680.75,8000,8000,22,9600.0,8000,30400000.0,38400000.0,0
257,2,1243.13,1000,1000,9,1500.0,1000,5000000.0,6000000.0,0
257,3,11798.05,8000,8000,7,9600.0,8000,30400000.0,38400000.0,0
257,4,3464.02,4000,4000,18,6000.0,4000,20000000.0,24000000.0,0
257,5,2749.01,2000,2000,8,3000.0,2000,10000000.0,12000000.0,0
257,6,11996.16,8000,8000,7,9600.0,8000,30400000.0,38400000.0,0
257,7,2309.03,1000,1000,5,1500.0,1000,5000000.0,6000000.0,0
258,0,8858.79,8000,8000,10,9600.0,8000,30400000.0,38400000.0,0
258,1,5730.08,8000,8000,21,9600.0,8000,30400000.0,38400000.0,0
258,2,1150.49,1000,1000,9,1500.0,1000,5000000.0,6000000.0,0
258,3,11719.03,8000,8000,7,9600.0,8000,30400000.0,38400000.0,0
258,4,3617.96,8000,8000,34,9600.0,8000,21600000.0,38400000.0,0
258,5,2929.59,2000,2000,7,3000.0,2000,10000000.0,12000000.0,0
258,6,11961.29,8000,8000,7,9600.0,8000,30400000.0,38400000.0,0
258,7,2196.49,1000,1000,5,1500.0,1000,5000000.0,6000000.0,0
259,0,8858.92,8000,8000,10,9600.0,8000,30400000.0,38400000.0,0
259,1,5880.38,4000,4000,7,6000.0,4000,20000000.0,24000000.0,0
259,2,1000.0,1000,1000,10,1500.0,1000,5000000.0,6000000.0,0
259,3,11144.98,8000,8000,8,9600.0,8000,30400000.0,38400000.0,0
259,4,3480.32,8000,8000,35,9600.0,8000,23200000.0,38400000.0,0
259,5,2746.49,2000,2000,8,3000.0,2000,10000000.0,12000000.0,0
259,6,11834.26,8000,8000,7,9600.0,8000,30400000.0,38400000.0,0
259,7,2159.54,2000,2000,10,3000.0,2000,7000000.0,12000000.0,0
260,0,8745.61,8000,8000,10,9600.0,8000,30400000.0,38400000.0,0
260,1,6000.0,4000,4000,7,6000.0,4000,20000000.0,24000000.0,0
260,2,1049.01,1000,1000,10,1500.0,1000,5000000.0,6000000.0,0
260,3,11220.1,8000,8000,8,9600.0,8000,30400000.0,38400000.0,0
260,4,3635.88,8000,8000,34,9600.0,8000,24800000.0,38400000.0,0
260,5,2575.66,2000,2000,8,3000.0,2000,10000000.0,12000000.0,0
260,6,12000.0,8000,8000,7,9600.0,8000,30400000.0,38400000.0,0
260,7,2140.6,2000,2000,10,3000.0,2000,8000000.0,12000000.0,0
261,0,8913.23,8000,8000,9,9600.0,8000,30400000.0,38400000.0,0
261,1,5732.04,4000,4000,7,6000.0,4000,20000000.0,24000000.0,0
261,2,1000.0,1000,1000,10,1500.0,1000,5000000.0,6000000.0,0
261,3,11424.57,8000,8000,8,9600.0,8000,30400000.0,38400000.0,0
261,4,3729.98,8000,8000,33,9600.0,8000,26400000.0,38400000.0,0
261,5,2440.35,2000,2000,9,3000.0,2000,10000000.0,12000000.0,0
261,6,11782.58,8000,8000,7,9600.0,8000,30400000.0,38400000.0,0
261,7,2421.96,2000,2000,9,3000.0,2000,9000000.0,12000000.0,0
262,0,8615.88,8000,8000,10,9600.0,8000,30400000.0,38400000.0,0
262,1,6000.0,4000,4000,7,6000.0,4000,20000000.0,24000000.0,0
262,2,1000.0,1000,1000,10,1500.0,1000,5000000.0,6000000.0,0
262,3,11584.17,8000,8000,7,9600.0,8000,30400000.0,38400000.0,0
262,4,3647.82,8000,8000,33,9600.0,8000,28000000.0,38400000.0,0
262,5,2530.83,2000,2000,8,3000.0,2000,10000000.0,12000000.0,0
262,6,11646.56,8000,8000,7,9600.0,8000,30400000.0,38400000.0,0
262,7,2381.26,2000,2000,9,3000.0,2000,10000000.0,12000000.0,0
263,0,8626.11,8000,8000,10,9600.0,8000,30400000.0,38400000.0,0
263,1,5749.45,4000,4000,7,6000.0,4000,20000000.0,24000000.0,0
263,2,1111.12,1000,1000,9,1500.0,1000,5000000.0,6000000.0,0
263,3,11455.87,8000,8000,7,9600.0,8000,30400000.0,38400000.0,0
263,4,3590.67,8000,8000,34,9600.0,8000,29600000.0,38400000.0,0
263,5,2381.68,2000,2000,9,3000.0,2000,10000000.0,12000000.0,0
263,6,11005.97,8000,8000,8,9600.0,8000,30400000.0,38400000.0,0
263,7,2333.5,2000,2000,9,3000.0,2000,10000000.0,12000000.0,0
264,0,9229.26,8000,8000,9,9600.0,8000,30400000.0,38400000.0,0
264,1,5945.6,4000,4000,7,6000.0,4000,20000000.0,24000000.0,0
264,2,1108.23,1000,1000,10,1500.0,1000,5000000.0,6000000.0,0
264,3,11390.14,8000,8000,8,9600.0,8000,30400000.0,38400000.0,0
264,4,3596.29,8000,8000,34,9600.0,8000,30400000.0,38400000.0,0
264,5,2463.75,2000,2000,9,3000.0,2000,10000000.0,12000000.0,0
264,6,10710.77,8000,8000,8,9600.0,8000,30400000.0,38400000.0,0
264,7,2612.08,2000,2000,8,3000.0,2000,10000000.0,12000000.0,0
265,0,9408.11,8000,8000,9,9600.0,8000,30400000.0,38400000.0,0
265,1,6000.0,4000,4000,7,6000.0,4000,20000000.0,24000000.0,0
265,2,1174.01,1000,1000,9,1500.0,1000,5000000.0,6000000.0,0
265,3,11395.05,8000,8000,8,9600.0,8000,30400000.0,38400000.0,0
265,4,3764.51,8000,8000,32,9600.0,8000,30400000.0,38400000.0,0
265,5,2552.52,2000,2000,8,3000.0,2000,10000000.0,12000000.0,0
265,6,10622.26,8000,8000,8,9600.0,8000,30400000.0,38400000.0,0
265,7,2468.68,2000,2000,9,3000.0,2000,10000000.0,12000000.0,0
266,0,9433.57,8000,8000,9,9600.0,8000,30400000.0,38400000.0,0
266,1,6000.0,4000,4000,7,6000.0,4000,20000000.0,24000000.0,0
266,2,1000.0,1000,1000,10,1500.0,1000,5000000.0,6000000.0,0
266,3,11028.17,8000,8000,8,9600.0,8000,30400000.0,38400000.0,0
266,4,3805.7,8000,8000,32,9600.0,8000,30400000.0,38400000.0,0
266,5,2560.15,2000,2000,8,3000.0,2000,10000000.0,12000000.0,0
266,6,10665.59,8000,8000,8,9600.0,8000,30400000.0,38400000.0,0
266,7,2529.67,2000,2000,8,3000.0,2000,10000000.0,12000000.0,0
267,0,9377.77,8000,8000,9,9600.0,8000,30400000.0,38400000.0,0
267,1,6000.0,4000,4000,7,6000.0,4000,20000000.0,24000000.0,0
267,2,1000.0,1000,1000,10,1500.0,1000,5000000.0,6000000.0,0
267,3,10821.04,8000,8000,8,9600.0,8000,30400000.0,38400000.0,0
267,4,3779.88,8000,8000,32,9600.0,8000,30400000.0,38400000.0,0
267,5,2313.68,2000,2000,9,3000.0,2000,10000000.0,12000000.0,0
267,6,10621.63,8000,8000,8,9600.0,8000,30400000.0,38400000.0,0
267,7,2945.04,2000,2000,7,3000.0,2000,10000000.0,12000000.0,0
268,0,9382.99,8000,8000,9,9600.0,8000,30400000.0,38400000.0,0
268,1,6000.0,4000,4000,7,6000.0,4000,20000000.0,24000000.0,0
268,2,1000.0,2000,2000,30,3000.0,2000,7000000.0,12000000.0,0
268,3,10666.95,8000,8000,8,9600.0,8000,30400000.0,38400000.0,0
268,4,3686.08,4000,4000,17,6000.0,4000,20000000.0,24000000.0,0
268,5,2266.02,2000,2000,9,3000.0,2000,10000000.0,12000000.0,0
268,6,10942.04,8000,8000,8,9600.0,8000,30400000.0,38400000.0,0
268,7,3084.46,2000,2000,7,3000.0,2000,10000000.0,12000000.0,0
269,0,9105.13,8000,8000,9,9600.0,8000,30400000.0,38400000.0,0
269,1,6000.0,4000,4000,7,6000.0,4000,20000000.0,24000000.0,0
269,2,1074.73,2000,2000,28,3000.0,2000,8000000.0,12000000.0,0
269,3,10951.99,8000,8000,8,9600.0,8000,30400000.0,38400000.0,0
269,4,4081.22,4000,4000,10,6000.0,4000,20000000.0,24000000.0,0
269,5,2113.75,2000,2000,10,3000.0,2000,10000000.0,12000000.0,0
269,6,10739.33,4000,4000,4,6000.0,4000,20000000.0,24000000.0,0
269,7,2770.07,4000,4000,22,6000.0,4000,14000000.0,24000000.0,0
270,0,9046.62,8000,8000,9,9600.0,8000,30400000.0,38400000.0,0
270,1,6000.0,4000,4000,7,6000.0,4000,20000000.0,24000000.0,0
270,2,1222.83,2000,2000,25,3000.0,2000,9000000.0,12000000.0,0
270,3,10933.0,8000,8000,8,9600.0,8000,30400000.0,38400000.0,0
270,4,4001.26,4000,4000,10,6000.0,4000,20000000.0,24000000.0,0
270,5,2136.52,2000,2000,10,3000.0,2000,10000000.0,12000000.0,0
270,6,10530.54,4000,4000,4,6000.0,4000,20000000.0,24000000.0,0
270,7,3292.45,4000,4000,19,6000.0,4000,16000000.0,24000000.0,0
271,0,8644.71,8000,8000,10,9600.0,8000,30400000.0,38400000.0,0
271,1,6000.0,4000,4000,7,6000.0,4000,20000000.0,24000000.0,0
271,2,1526.37,2000,2000,20,3000.0,2000,10000000.0,12000000.0,0
271,3,10934.7,8000,8000,8,9600.0,8000,30400000.0,38400000.0,0
271,4,3953.75,4000,4000,16,6000.0,4000,20000000.0,24000000.0,0
271,5,2082.9,2000,2000,10,3000.0,2000,10000000.0,12000000.0,0
271,6,10485.44,4000,4000,4,6000.0,4000,20000000.0,24000000.0,0
271,7,3635.66,4000,4000,17,6000.0,4000,18000000.0,24000000.0,0
272,0,8091.74,8000,8000,10,9600.0,8000,30400000.0,38400000.0,0
272,1,6000.0,4000,4000,7,6000.0,4000,20000000.0,24000000.0,0
272,2,1312.78,2000,2000,23,3000.0,2000,10000000.0,12000000.0,0
272,3,10868.04,8000,8000,8,9600.0,8000,30400000.0,38400000.0,0
272,4,3846.44,4000,4000,16,6000.0,4000,20000000.0,24000000.0,0
272,5,2171.18,2000,2000,10,3000.0,2000,10000000.0,12000000.0,0
272,6,10085.91,4000,4000,4,6000.0,4000,20000000.0,24000000.0,0
272,7,3751.21,4000,4000,16,6000.0,4000,20000000.0,24000000.0,0
273,0,8597.82,8000,8000,10,9600.0,8000,30400000.0,38400000.0,0
273,1,5659.21,4000,4000,8,6000.0,4000,20000000.0,24000000.0,0
273,2,1341.24,2000,2000,23,3000.0,2000,10000000.0,12000000.0,0
273,3,10702.54,8000,8000,8,9600.0,8000,30400000.0,38400000.0,0
273,4,3952.91,4000,4000,16,6000.0,4000,20000000.0,24000000.0,0
273,5,2174.06,2000,2000,10,3000.0,2000,10000000.0,12000000.0,0
273,6,9925.54,4000,4000,5,6000.0,4000,20000000.0,24000000.0,0
273,7,3873.17,4000,4000,16,6000.0,4000,20000000.0,24000000.0,0
274,0,9048.9,8000,8000,9,9600.0,8000,30400000.0,38400000.0,0
274,1,5611.48,4000,4000,8,6000.0,4000,20000000.0,24000000.0,0
274,2,1449.2,2000,2000,21,3000.0,2000,10000000.0,12000000.0,0
274,3,10379.23,8000,8000,8,9600.0,8000,30400000.0,38400000.0,0
274,4,3713.8,4000,4000,17,6000.0,4000,20000000.0,24000000.0,0
274,5,2244.92,2000,2000,9,3000.0,2000,10000000.0,12000000.0,0
274,6,10296.57,4000,4000,4,6000.0,4000,20000000.0,24000000.0,0
274,7,3962.08,4000,4000,16,6000.0,4000,20000000.0,24000000.0,0
275,0,8970.64,8000,8000,9,9600.0,8000,30400000.0,38400000.0,0
275,1,5611.3,8000,8000,22,9600.0,8000,21600000.0,38400000.0,0
275,2,1261.64,2000,2000,24,3000.0,2000,10000000.0,12000000.0,0
275,3,10530.35,4000,4000,4,6000.0,4000,20000000.0,24000000.0,0
275,4,3934.38,4000,4000,16,6000.0,4000,20000000.0,24000000.0,0
275,5,2177.1,2000,2000,10,3000.0,2000,10000000.0,12000000.0,0
275,6,10179.06,4000,4000,4,6000.0,4000,20000000.0,24000000.0,0
275,7,4028.55,4000,4000,10,6000.0,4000,20000000.0,24000000.0,0
276,0,8861.46,4000,4000,5,6000.0,4000,20000000.0,24000000.0,0
276,1,5594.77,8000,8000,22,9600.0,8000,23200000.0,38400000.0,0
276,2,1576.6,2000,2000,20,3000.0,2000,10000000.0,12000000.0,0
276,3,10468.6,4000,4000,4,6000.0,4000,20000000.0,24000000.0,0
276,4,3844.8,4000,4000,16,6000.0,4000,20000000.0,24000000.0,0
276,5,2079.97,2000,2000,10,3000.0,2000,10000000.0,12000000.0,0
276,6,10365.11,4000,4000,4,6000.0,4000,20000000.0,24000000.0,0
276,7,3983.24,4000,4000,16,6000.0,4000,20000000.0,24000000.0,0
277,0,8699.12,4000,4000,5,6000.0,4000,20000000.0,24000000.0,0
277,1,5925.1,8000,8000,21,9600.0,8000,24800000.0,38400000.0,0
277,2,1789.54,2000,2000,17,3000.0,2000,10000000.0,12000000.0,0
277,3,10318.49,4000,4000,4,6000.0,4000,20000000.0,24000000.0,0
277,4,3378.16,4000,4000,18,6000.0,4000,20000000.0,24000000.0,0
277,5,2231.1,2000,2000,9,3000.0,2000,10000000.0,12000000.0,0
277,6,10193.95,4000,4000,4,6000.0,4000,20000000.0,24000000.0,0
277,7,4180.9,4000,4000,10,6000.0,4000,20000000.0,24000000.0,0
278,0,8206.59,4000,4000,5,6000.0,4000,20000000.0,24000000.0,0
278,1,6000.0,8000,8000,20,9600.0,8000,26400000.0,38400000.0,0
278,2,1607.86,2000,2000,19,3000.0,2000,10000000.0,12000000.0,0
278,3,10501.18,4000,4000,4,6000.0,4000,20000000.0,24000000.0,0
278,4,3381.73,4000,4000,18,6000.0,4000,20000000.0,24000000.0,0
278,5,2088.01,2000,2000,10,3000.0,2000,10000000.0,12000000.0,0
278,6,10092.19,4000,4000,4,6000.0,4000,20000000.0,24000000.0,0
278,7,4352.48,4000,4000,10,6000.0,4000,20000000.0,24000000.0,0
279,0,8233.06,4000,4000,5,6000.0,4000,20000000.0,24000000.0,0
279,1,6000.0,8000,8000,20,9600.0,8000,28000000.0,38400000.0,0
279,2,1904.33,2000,2000,16,3000.0,2000,10000000.0,12000000.0,0
279,3,10110.12,4000,4000,4,6000.0,4000,20000000.0,24000000.0,0
279,4,3786.03,4000,4000,16,6000.0,4000,20000000.0,24000000.0,0
279,5,2103.66,2000,2000,10,3000.0,2000,10000000.0,12000000.0,0
279,6,9867.49,8000,8000,9,9600.0,8000,21600000.0,38400000.0,0
279,7,4019.9,4000,4000,10,6000.0,4000,20000000.0,24000000.0,0
280,0,8185.78,4000,4000,5,6000.0,4000,20000000.0,24000000.0,0
280,1,6000.0,8000,8000,20,9600.0,8000,29600000.0,38400000.0,0
280,2,1885.2,2000,2000,16,3000.0,2000,10000000.0,12000000.0,0
280,3,10487.91,4000,4000,4,6000.0,4000,20000000.0,24000000.0,0
280,4,3423.24,4000,4000,18,6000.0,4000,20000000.0,24000000.0,0
280,5,2101.85,2000,2000,10,3000.0,2000,10000000.0,12000000.0,0
280,6,9554.4,8000,8000,9,9600.0,8000,23200000.0,38400000.0,0
280,7,4110.81,4000,4000,10,6000.0,4000,20000000.0,24000000.0,0
281,0,8407.51,4000,4000,5,6000.0,4000,20000000.0,24000000.0,0
281,1,5894.81,8000,8000,21,9600.0,8000,30400000.0,38400000.0,0
281,2,1494.56,2000,2000,21,3000.0,2000,10000000.0,12000000.0,0
281,3,10537.65,4000,4000,4,6000.0,4000,20000000.0,24000000.0,0
281,4,3532.42,4000,4000,17,6000.0,4000,20000000.0,24000000.0,0
281,5,2162.49,2000,2000,10,3000.0,2000,10000000.0,12000000.0,0
281,6,9863.34,8000,8000,9,9600.0,8000,24800000.0,38400000.0,0
281,7,3843.04,2000,2000,6,3000.0,2000,10000000.0,12000000.0,0
282,0,8577.56,4000,4000,5,6000.0,4000,20000000.0,24000000.0,0
282,1,6000.0,8000,8000,20,9600.0,8000,30400000.0,38400000.0,0
282,2,1227.78,2000,2000,25,3000.0,2000,10000000.0,12000000.0,0
282,3,10617.56,4000,4000,4,6000.0,4000,20000000.0,24000000.0,0
282,4,3406.38,4000,4000,18,6000.0,4000,20000000.0,24000000.0,0
282,5,2150.26,2000,2000,10,3000.0,2000,10000000.0,12000000.0,0
282,6,9950.26,8000,8000,9,9600.0,8000,26400000.0,38400000.0,0
282,7,3721.24,2000,2000,6,3000.0,2000,10000000.0,12000000.0,0
283,0,8408.63,4000,4000,5,6000.0,4000,20000000.0,24000000.0,0
283,1,6000.0,8000,8000,20,9600.0,8000,30400000.0,38400000.0,0
283,2,1064.69,2000,2000,29,3000.0,2000,10000000.0,12000000.0,0
283,3,10346.1,4000,4000,4,6000.0,4000,20000000.0,24000000.0,0
283,4,3576.22,4000,4000,17,6000.0,4000,20000000.0,24000000.0,0
283,5,1977.95,1000,1000,6,1500.0,1000,5000000.0,6000000.0,0
283,6,10116.84,8000,8000,8,9600.0,8000,28000000.0,38400000.0,0
283,7,3836.88,2000,2000,6,3000.0,2000,10000000.0,12000000.0,0
284,0,7977.18,4000,4000,6,6000.0,4000,20000000.0,24000000.0,0
284,1,5830.61,8000,8000,21,9600.0,8000,30400000.0,38400000.0,0
284,2,1243.81,2000,2000,25,3000.0,2000,10000000.0,12000000.0,0
284,3,10100.81,4000,4000,4,6000.0,4000,20000000.0,24000000.0,0
284,4,3460.12,4000,4000,18,6000.0,4000,20000000.0,24000000.0,0
284,5,2047.25,1000,1000,5,1500.0,1000,5000000.0,6000000.0,0
284,6,10312.69,8000,8000,8,9600.0,8000,29600000.0,38400000.0,0
284,7,3774.0,2000,2000,6,3000.0,2000,10000000.0,12000000.0,0
285,0,7827.8,4000,4000,6,6000.0,4000,20000000.0,24000000.0,0
285,1,6000.0,8000,8000,20,9600.0,8000,30400000.0,38400000.0,0
285,2,1504.64,4000,4000,40,6000.0,4000,14000000.0,24000000.0,0
285,3,10345.53,8000,8000,8,9600.0,8000,21600000.0,38400000.0,0
285,4,3481.45,2000,2000,6,3000.0,2000,10000000.0,12000000.0,0
285,5,1926.01,1000,1000,6,1500.0,1000,5000000.0,6000000.0,0
285,6,10105.08,8000,8000,8,9600.0,8000,30400000.0,38400000.0,0
285,7,3904.63,2000,2000,6,3000.0,2000,10000000.0,12000000.0,0
286,0,7932.4,8000,8000,16,9600.0,8000,21600000.0,38400000.0,0
286,1,6000.0,4000,4000,7,6000.0,4000,20000000.0,24000000.0,0
286,2,1602.21,4000,4000,38,6000.0,4000,16000000.0,24000000.0,0
286,3,9969.76,8000,8000,9,9600.0,8000,23200000.0,38400000.0,0
286,4,3744.44,2000,2000,6,3000.0,2000,10000000.0,12000000.0,0
286,5,1776.31,1000,1000,6,1500.0,1000,5000000.0,6000000.0,0
286,6,10009.08,8000,8000,8,9600.0,8000,30400000.0,38400000.0,0
286,7,3967.18,2000,2000,6,3000.0,2000,10000000.0,12000000.0,0
287,0,8431.32,8000,8000,10,9600.0,8000,23200000.0,38400000.0,0
287,1,6000.0,4000,4000,7,6000.0,4000,20000000.0,24000000.0,0
287,2,1693.22,4000,4000,36,6000.0,4000,18000000.0,24000000.0,0
287,3,9923.96,8000,8000,9,9600.0,8000,24800000.0,38400000.0,0
287,4,3878.06,2000,2000,6,3000.0,2000,10000000.0,12000000.0,0
287,5,1909.45,1000,1000,6,1500.0,1000,5000000.0,6000000.0,0
287,6,9928.92,8000,8000,9,9600.0,8000,30400000.0,38400000.0,0
287,7,4415.98,2000,2000,5,3000.0,2000,10000000.0,12000000.0,0
288,0,8488.84,8000,8000,10,9600.0,8000,24800000.0,38400000.0,0
288,1,6000.0,4000,4000,7,6000.0,4000,20000000.0,24000000.0,0
288,2,1793.1,4000,4000,34,6000.0,4000,20000000.0,24000000.0,0
288,3,10029.36,8000,8000,8,9600.0,8000,26400000.0,38400000.0,0
288,4,4087.8,2000,2000,5,3000.0,2000,10000000.0,12000000.0,0
288,5,1816.87,1000,1000,6,1500.0,1000,5000000.0,6000000.0,0
288,6,9789.34,8000,8000,9,9600.0,8000,30400000.0,38400000.0,0
288,7,4140.94,2000,2000,5,3000.0,2000,10000000.0,12000000.0,0
289,0,8598.71,8000,8000,10,9600.0,8000,26400000.0,38400000.0,0
289,1,6000.0,4000,4000,7,6000.0,4000,20000000.0,24000000.0,0
289,2,1861.77,4000,4000,33,6000.0,4000,20000000.0,24000000.0,0
289,3,10447.98,8000,8000,8,9600.0,8000,28000000.0,38400000.0,0
289,4,4086.4,2000,2000,5,3000.0,2000,10000000.0,12000000.0,0
289,5,1917.18,1000,1000,6,1500.0,1000,5000000.0,6000000.0,0
289,6,9516.42,8000,8000,9,9600.0,8000,30400000.0,38400000.0,0
289,7,4044.17,2000,2000,5,3000.0,2000,10000000.0,12000000.0,0
290,0,8772.6,8000,8000,10,9600.0,8000,28000000.0,38400000.0,0
290,1,6000.0,4000,4000,7,6000.0,4000,20000000.0,24000000.0,0
290,2,1817.68,4000,4000,34,6000.0,4000,20000000.0,24000000.0,0
290,3,10430.08,8000,8000,8,9600.0,8000,29600000.0,38400000.0,0
290,4,3706.93,2000,2000,6,3000.0,2000,10000000.0,12000000.0,0
290,5,1863.62,1000,1000,6,1500.0,1000,5000000.0,6000000.0,0
290,6,9739.01,8000,8000,9,9600.0,8000,30400000.0,38400000.0,0
290,7,4187.97,2000,2000,5,3000.0,2000,10000000.0,12000000.0,0
291,0,8897.76,8000,8000,9,9600.0,8000,29600000.0,38400000.0,0
291,1,6000.0,4000,4000,7,6000.0,4000,20000000.0,24000000.0,0
291,2,1818.74,4000,4000,33,6000.0,4000,20000000.0,24000000.0,0
291,3,10265.0,8000,8000,8,9600.0,8000,30400000.0,38400000.0,0
291,4,3881.64,2000,2000,6,3000.0,2000,10000000.0,12000000.0,0
291,5,1926.77,1000,1000,6,1500.0,1000,5000000.0,6000000.0,0
291,6,9862.02,8000,8000,9,9600.0,8000,30400000.0,38400000.0,0
291,7,4056.46,4000,4000,10,6000.0,4000,14000000.0,24000000.0,0
292,0,8359.43,8000,8000,10,9600.0,8000,30400000.0,38400000.0,0
292,1,6000.0,4000,4000,7,6000.0,4000,20000000.0,24000000.0,0
292,2,1746.91,4000,4000,35,6000.0,4000,20000000.0,24000000.0,0
292,3,10049.3,8000,8000,8,9600.0,8000,30400000.0,38400000.0,0
292,4,4055.01,2000,2000,5,3000.0,2000,10000000.0,12000000.0,0
292,5,1867.97,1000,1000,6,1500.0,1000,5000000.0,6000000.0,0
292,6,10127.0,8000,8000,8,9600.0,8000,30400000.0,38400000.0,0
292,7,4210.71,4000,4000,10,6000.0,4000,16000000.0,24000000.0,0
293,0,8530.32,8000,8000,10,9600.0,8000,30400000.0,38400000.0,0
293,1,5658.51,4000,4000,8,6000.0,4000,20000000.0,24000000.0,0
293,2,1928.7,4000,4000,32,6000.0,4000,20000000.0,24000000.0,0
293,3,10114.62,8000,8000,8,9600.0,8000,30400000.0,38400000.0,0
293,4,3962.69,2000,2000,6,3000.0,2000,10000000.0,12000000.0,0
293,5,1889.47,2000,2000,16,3000.0,2000,7000000.0,12000000.0,0
293,6,9682.94,8000,8000,9,9600.0,8000,30400000.0,38400000.0,0
293,7,4312.88,4000,4000,10,6000.0,4000,18000000.0,24000000.0,0
294,0,8272.98,8000,8000,10,9600.0,8000,30400000.0,38400000.0,0
294,1,5320.34,4000,4000,8,6000.0,4000,20000000.0,24000000.0,0
294,2,1700.35,4000,4000,36,6000.0,4000,20000000.0,24000000.0,0
294,3,10392.79,8000,8000,8,9600.0,8000,30400000.0,38400000.0,0
294,4,3805.37,2000,2000,6,3000.0,2000,10000000.0,12000000.0,0
294,5,2119.53,2000,2000,10,3000.0,2000,8000000.0,12000000.0,0
294,6,9548.99,4000,4000,5,6000.0,4000,20000000.0,24000000.0,0
294,7,3886.04,4000,4000,16,6000.0,4000,20000000.0,24000000.0,0
295,0,7993.85,8000,8000,16,9600.0,8000,30400000.0,38400000.0,0
295,1,5629.3,4000,4000,8,6000.0,4000,20000000.0,24000000.0,0
295,2,1676.96,2000,2000,18,3000.0,2000,10000000.0,12000000.0,0
295,3,10255.72,8000,8000,8,9600.0,8000,30400000.0,38400000.0,0
295,4,3845.38,4000,4000,16,6000.0,4000,14000000.0,24000000.0,0
295,5,2194.8,2000,2000,10,3000.0,2000,9000000.0,12000000.0,0
295,6,9828.34,4000,4000,5,6000.0,4000,20000000.0,24000000.0,0
295,7,4248.16,4000,4000,10,6000.0,4000,20000000.0,24000000.0,0
296,0,7903.91,8000,8000,16,9600.0,8000,30400000.0,38400000.0,0
296,1,5297.78,4000,4000,8,6000.0,4000,20000000.0,24000000.0,0
296,2,1614.94,2000,2000,19,3000.0,2000,10000000.0,12000000.0,0
296,3,10320.79,8000,8000,8,9600.0,8000,30400000.0,38400000.0,0
296,4,3604.44,4000,4000,17,6000.0,4000,16000000.0,24000000.0,0
296,5,2051.23,2000,2000,10,3000.0,2000,10000000.0,12000000.0,0
296,6,9914.29,4000,4000,5,6000.0,4000,20000000.0,24000000.0,0
296,7,4236.0,4000,4000,10,6000.0,4000,20000000.0,24000000.0,0
297,0,7912.1,8000,8000,16,9600.0,8000,30400000.0,38400000.0,0
297,1,5108.16,4000,4000,8,6000.0,4000,20000000.0,24000000.0,0
297,2,1580.38,2000,2000,19,3000.0,2000,10000000.0,12000000.0,0
297,3,10089.73,8000,8000,8,9600.0,8000,30400000.0,38400000.0,0
297,4,3826.99,4000,4000,16,6000.0,4000,18000000.0,24000000.0,0
297,5,2206.52,2000,2000,10,3000.0,2000,10000000.0,12000000.0,0
297,6,9452.74,4000,4000,5,6000.0,4000,20000000.0,24000000.0,0
297,7,4003.62,4000,4000,10,6000.0,4000,20000000.0,24000000.0,0
298,0,7537.97,8000,8000,16,9600.0,8000,30400000.0,38400000.0,0
298,1,4945.65,4000,4000,9,6000.0,4000,20000000.0,24000000.0,0
298,2,1567.87,2000,2000,20,3000.0,2000,10000000.0,12000000.0,0
298,3,9727.32,8000,8000,9,9600.0,8000,30400000.0,38400000.0,0
298,4,3596.52,4000,4000,17,6000.0,4000,20000000.0,24000000.0,0
298,5,2055.92,2000,2000,10,3000.0,2000,10000000.0,12000000.0,0
298,6,9504.56,4000,4000,5,6000.0,4000,20000000.0,24000000.0,0
298,7,4020.96,4000,4000,10,6000.0,4000,20000000.0,24000000.0,0
299,0,7357.54,8000,8000,17,9600.0,8000,30400000.0,38400000.0,0
299,1,4989.86,4000,4000,9,6000.0,4000,20000000.0,24000000.0,0
299,2,1485.86,2000,2000,21,3000.0,2000,10000000.0,12000000.0,0
299,3,9659.4,8000,8000,9,9600.0,8000,30400000.0,38400000.0,0
299,4,4014.89,4000,4000,10,6000.0,4000,20000000.0,24000000.0,0
299,5,2256.99,2000,2000,9,3000.0,2000,10000000.0,12000000.0,0
299,6,9179.66,4000,4000,5,6000.0,4000,20000000.0,24000000.0,0
299,7,4228.39,4000,4000,10,6000.0,4000,20000000.0,24000000.0,0
